-- --------------------------------------------------------
-- 主机:                           127.0.0.1
-- 服务器版本:                        5.6.26 - MySQL Community Server (GPL)
-- 服务器操作系统:                      Win32
-- HeidiSQL 版本:                  9.3.0.4984
-- --------------------------------------------------------

/*!40101 SET @OLD_CHARACTER_SET_CLIENT=@@CHARACTER_SET_CLIENT */;
/*!40101 SET NAMES utf8mb4 */;
/*!40014 SET @OLD_FOREIGN_KEY_CHECKS=@@FOREIGN_KEY_CHECKS, FOREIGN_KEY_CHECKS=0 */;
/*!40101 SET @OLD_SQL_MODE=@@SQL_MODE, SQL_MODE='NO_AUTO_VALUE_ON_ZERO' */;

-- 导出 zhineng 的数据库结构
CREATE DATABASE IF NOT EXISTS `zhineng` /*!40100 DEFAULT CHARACTER SET utf8 */;
USE `zhineng`;


-- 导出  表 zhineng.area 结构
CREATE TABLE IF NOT EXISTS `area` (
  `Aid` int(9) NOT NULL AUTO_INCREMENT,
  `Aname` varchar(50) DEFAULT NULL,
  `Anum` varchar(50) DEFAULT NULL,
  PRIMARY KEY (`Aid`)
) ENGINE=InnoDB AUTO_INCREMENT=7 DEFAULT CHARSET=utf8;

-- 正在导出表  zhineng.area 的数据：~6 rows (大约)
/*!40000 ALTER TABLE `area` DISABLE KEYS */;
INSERT INTO `area` (`Aid`, `Aname`, `Anum`) VALUES
	(1, 'A区', '01'),
	(2, 'B1区', '02'),
	(3, 'C区', '03'),
	(4, 'D区', '04'),
	(5, 'E区', '05'),
	(6, 'F区', NULL);
/*!40000 ALTER TABLE `area` ENABLE KEYS */;


-- 导出  表 zhineng.buletooth 结构
CREATE TABLE IF NOT EXISTS `buletooth` (
  `blueid` int(11) NOT NULL AUTO_INCREMENT,
  `bluenum` int(11) DEFAULT NULL,
  `jingdu` decimal(10,6) DEFAULT NULL,
  `weidu` decimal(10,6) DEFAULT NULL,
  `time` datetime DEFAULT NULL,
  PRIMARY KEY (`blueid`)
) ENGINE=InnoDB AUTO_INCREMENT=13 DEFAULT CHARSET=utf8;

-- 正在导出表  zhineng.buletooth 的数据：~4 rows (大约)
/*!40000 ALTER TABLE `buletooth` DISABLE KEYS */;
INSERT INTO `buletooth` (`blueid`, `bluenum`, `jingdu`, `weidu`, `time`) VALUES
	(9, 1, 108.905520, 34.159589, NULL),
	(10, 2, 108.906171, 34.159570, NULL),
	(11, 3, 108.905578, 34.159212, NULL),
	(12, 4, 108.906207, 34.159141, NULL);
/*!40000 ALTER TABLE `buletooth` ENABLE KEYS */;


-- 导出  表 zhineng.guide 结构
CREATE TABLE IF NOT EXISTS `guide` (
  `guideid` int(9) NOT NULL AUTO_INCREMENT,
  `guideMid` int(9) DEFAULT NULL COMMENT '导游机id',
  `ggroupid` int(9) DEFAULT NULL,
  `guidename` varchar(15) DEFAULT NULL COMMENT '导游名字',
  `sessionid` int(9) DEFAULT NULL COMMENT 'session表的id',
  `guidenum` varchar(50) DEFAULT NULL COMMENT '导游编号',
  `gsex` varchar(5) DEFAULT NULL COMMENT '性别',
  `ontimenum` int(9) DEFAULT NULL COMMENT '上线次数2',
  `birth` date DEFAULT NULL COMMENT '生日',
  `idcard` varchar(30) DEFAULT NULL COMMENT '身份证',
  `gtel` varchar(30) DEFAULT NULL COMMENT '电话号码',
  `workage` int(9) DEFAULT NULL COMMENT '工龄',
  `level` varchar(20) DEFAULT NULL COMMENT '口语等级',
  `language` varchar(20) DEFAULT NULL COMMENT '语言',
  `school` varchar(10) DEFAULT NULL COMMENT '学历',
  `experice` varchar(50) DEFAULT NULL COMMENT '工作经验',
  `home` varchar(50) DEFAULT NULL COMMENT '现住地',
  `state` int(9) DEFAULT NULL COMMENT '状态0下线1上线3请假4借调',
  `nowlocation` varchar(20) DEFAULT NULL COMMENT '现在所在位置',
  `onlineT` datetime DEFAULT NULL COMMENT '上线时间',
  `uplineT` datetime DEFAULT NULL COMMENT '下线时间',
  `onlineP` varchar(20) DEFAULT NULL COMMENT '上线地点',
  `uplineP` varchar(20) DEFAULT NULL COMMENT '下线地点',
  `getworkT` date DEFAULT NULL COMMENT '分配时间',
  `score` varchar(20) DEFAULT NULL COMMENT '评分',
  `info` varchar(50) DEFAULT NULL COMMENT '游客评价',
  `photo` varchar(50) DEFAULT NULL,
  `youkeMnum` int(9) DEFAULT NULL COMMENT '游客机数量',
  `person` int(9) DEFAULT NULL COMMENT '携带人数',
  `jingdu` decimal(10,6) DEFAULT NULL COMMENT '经度',
  `weidu` decimal(10,6) DEFAULT NULL COMMENT '纬度',
  `age` varchar(10) DEFAULT NULL COMMENT '年龄',
  `diseases` int(3) DEFAULT NULL COMMENT '传染病',
  `honor` varchar(50) DEFAULT NULL,
  `weight` varchar(10) DEFAULT NULL,
  `blood` varchar(10) DEFAULT NULL,
  `hege` int(3) DEFAULT NULL,
  `lianxujiangjie` int(3) DEFAULT NULL,
  `choutingjiangjie` int(3) DEFAULT NULL,
  `pinglevel` varchar(10) DEFAULT NULL,
  `height` varchar(10) DEFAULT NULL,
  `onnum` int(9) DEFAULT '0' COMMENT '上线次数',
  `ontime` int(9) DEFAULT '0' COMMENT '上线时间',
  `wzxx` int(9) DEFAULT '0' COMMENT '位置信息',
  `sxdd` int(9) DEFAULT '0' COMMENT '上线地点',
  `sumscore` double(10,6) DEFAULT '0.000000' COMMENT '总分',
  `youkescore` varchar(50) DEFAULT '0' COMMENT '游客机平均分',
  `gpassword` varchar(20) DEFAULT '123' COMMENT '导游密码',
  PRIMARY KEY (`guideid`),
  KEY `guideMid` (`guideMid`),
  KEY `FK_guide_guidegroup` (`ggroupid`),
  CONSTRAINT `FK_guide_guidegroup` FOREIGN KEY (`ggroupid`) REFERENCES `guidegroup` (`ggid`),
  CONSTRAINT `guide_ibfk_1` FOREIGN KEY (`guideMid`) REFERENCES `guidem` (`guidemid`)
) ENGINE=InnoDB AUTO_INCREMENT=28 DEFAULT CHARSET=utf8;

-- 正在导出表  zhineng.guide 的数据：~2 rows (大约)
/*!40000 ALTER TABLE `guide` DISABLE KEYS */;
INSERT INTO `guide` (`guideid`, `guideMid`, `ggroupid`, `guidename`, `sessionid`, `guidenum`, `gsex`, `ontimenum`, `birth`, `idcard`, `gtel`, `workage`, `level`, `language`, `school`, `experice`, `home`, `state`, `nowlocation`, `onlineT`, `uplineT`, `onlineP`, `uplineP`, `getworkT`, `score`, `info`, `photo`, `youkeMnum`, `person`, `jingdu`, `weidu`, `age`, `diseases`, `honor`, `weight`, `blood`, `hege`, `lianxujiangjie`, `choutingjiangjie`, `pinglevel`, `height`, `onnum`, `ontime`, `wzxx`, `sxdd`, `sumscore`, `youkescore`, `gpassword`) VALUES
	(26, 28, 1, '1231', 4, 'sx0001', '男', 32, '2017-01-04', '213123213', '123213213', 8, '一级甲等', '123、法语', '专科', '123、战斗奖、还有啥将', NULL, 1, NULL, '2017-01-02 16:05:18', '2017-01-08 15:20:55', '西安', NULL, NULL, '28', NULL, 'sx0001.jpg', 500, NULL, 108.945407, 34.215546, '123', 1, NULL, '123', 'A型', 1, 1, 0, NULL, '123', 2, -502838, 1, 0, 78.000000, '40.0', '234'),
	(27, 27, 3, 'abcd', 2, 'sx0002', '男', 22, NULL, '610100000000000000', '13500000000', 8, '一级甲等', '英语', '专科', '', NULL, 1, NULL, '2017-01-02 16:00:37', '2017-01-02 14:12:47', NULL, NULL, NULL, '27', NULL, 'sx0002.jpg', 100, NULL, 108.905495, 34.159567, '20', 0, NULL, '65', 'A型', 1, 1, 0, NULL, '178', 1, -425915, 1, 0, 92.000000, '50.0', '123');
/*!40000 ALTER TABLE `guide` ENABLE KEYS */;


-- 导出  表 zhineng.guidegroup 结构
CREATE TABLE IF NOT EXISTS `guidegroup` (
  `ggid` int(9) NOT NULL AUTO_INCREMENT,
  `aid` int(9) DEFAULT NULL,
  `gname` varchar(50) DEFAULT NULL,
  PRIMARY KEY (`ggid`),
  KEY `FK_guidegroup_area` (`aid`),
  CONSTRAINT `FK_guidegroup_area` FOREIGN KEY (`aid`) REFERENCES `area` (`Aid`)
) ENGINE=InnoDB AUTO_INCREMENT=7 DEFAULT CHARSET=utf8;

-- 正在导出表  zhineng.guidegroup 的数据：~6 rows (大约)
/*!40000 ALTER TABLE `guidegroup` DISABLE KEYS */;
INSERT INTO `guidegroup` (`ggid`, `aid`, `gname`) VALUES
	(1, 1, '第一组'),
	(2, 2, '第二组'),
	(3, 3, '第三组\r\n'),
	(4, 4, '第四组'),
	(5, 2, '第五组2'),
	(6, NULL, '第6666组');
/*!40000 ALTER TABLE `guidegroup` ENABLE KEYS */;


-- 导出  表 zhineng.guidem 结构
CREATE TABLE IF NOT EXISTS `guidem` (
  `guidemid` int(9) NOT NULL AUTO_INCREMENT,
  `guidemnum` varchar(50) DEFAULT NULL,
  `borrow` int(9) DEFAULT NULL,
  `youkeNum` int(9) DEFAULT NULL,
  `break` int(9) DEFAULT NULL,
  `gmstate` int(11) DEFAULT NULL COMMENT '1，可接 2借出 3损坏4维修',
  `guideid` int(9) DEFAULT NULL,
  `assignTime` datetime DEFAULT NULL,
  `breakinfo` varchar(30) DEFAULT NULL,
  `broT` datetime DEFAULT NULL,
  `retT` datetime DEFAULT NULL,
  `sendmessage` varchar(50) DEFAULT NULL,
  `ChangeCheck` varchar(20) DEFAULT NULL,
  `gmtel` varchar(50) DEFAULT NULL,
  PRIMARY KEY (`guidemid`),
  KEY `guideid` (`guideid`),
  CONSTRAINT `guidem_ibfk_1` FOREIGN KEY (`guideid`) REFERENCES `guide` (`guideid`)
) ENGINE=InnoDB AUTO_INCREMENT=29 DEFAULT CHARSET=utf8;

-- 正在导出表  zhineng.guidem 的数据：~2 rows (大约)
/*!40000 ALTER TABLE `guidem` DISABLE KEYS */;
INSERT INTO `guidem` (`guidemid`, `guidemnum`, `borrow`, `youkeNum`, `break`, `gmstate`, `guideid`, `assignTime`, `breakinfo`, `broT`, `retT`, `sendmessage`, `ChangeCheck`, `gmtel`) VALUES
	(27, 'C2A455C6', 21, 100, 1, 2, 27, '2017-01-12 13:26:18', '无', NULL, NULL, '1484447098193.mp3', 'sx0001', '15691816048'),
	(28, '9732EA3F', 55, 500, 1, 2, 26, '2017-01-12 23:22:46', '通话故障', NULL, NULL, '1484225966105.mp3', 'sx0001', '18792698795');
/*!40000 ALTER TABLE `guidem` ENABLE KEYS */;


-- 导出  表 zhineng.guidemdt 结构
CREATE TABLE IF NOT EXISTS `guidemdt` (
  `detaid` int(9) NOT NULL AUTO_INCREMENT,
  `guidemid` varchar(50) DEFAULT '0',
  `brot` datetime DEFAULT NULL,
  `rett` datetime DEFAULT NULL,
  `sutinfo` varchar(50) DEFAULT NULL,
  PRIMARY KEY (`detaid`)
) ENGINE=InnoDB AUTO_INCREMENT=45 DEFAULT CHARSET=utf8;

-- 正在导出表  zhineng.guidemdt 的数据：~44 rows (大约)
/*!40000 ALTER TABLE `guidemdt` DISABLE KEYS */;
INSERT INTO `guidemdt` (`detaid`, `guidemid`, `brot`, `rett`, `sutinfo`) VALUES
	(1, '9732EA3F', '2017-01-07 22:37:10', '2017-01-07 22:37:17', '无'),
	(2, 'C2A455C6', '2017-01-05 00:00:00', '2017-01-07 23:25:10', '无'),
	(3, '9732EA3F', '2017-01-07 23:26:02', '2017-01-08 18:03:33', '无'),
	(4, 'C2A455C6', '2017-01-07 23:25:34', '2017-01-09 10:52:53', '无'),
	(5, 'C2A455C6', '2017-01-09 10:53:21', '2017-01-09 11:01:22', '无'),
	(6, 'C2A455C6', '2017-01-09 11:03:25', '2017-01-09 11:03:54', '无'),
	(7, '9732EA3F', '2017-01-08 18:03:41', '2017-01-09 11:44:21', '无'),
	(8, '9732EA3F', '2017-01-09 11:48:32', '2017-01-09 11:48:49', '无'),
	(9, 'C2A455C6', '2017-01-09 11:11:13', '2017-01-09 11:52:20', '无'),
	(10, '9732EA3F', '2017-01-09 11:55:22', '2017-01-09 11:55:43', '无'),
	(11, '9732EA3F', '2017-01-09 11:56:48', '2017-01-09 11:57:08', '无'),
	(12, '9732EA3F', '2017-01-09 11:57:48', '2017-01-09 11:57:55', '无'),
	(13, '9732EA3F', '2017-01-09 11:59:03', '2017-01-09 11:59:21', '无'),
	(14, '9732EA3F', '2017-01-09 12:00:28', '2017-01-09 12:00:50', '无'),
	(15, '9732EA3F', '2017-01-09 12:03:00', '2017-01-09 12:03:08', '无'),
	(16, '9732EA3F', '2017-01-09 12:05:10', '2017-01-09 12:05:17', '无'),
	(17, '9732EA3F', '2017-01-09 12:06:38', '2017-01-09 12:06:44', '无'),
	(18, '9732EA3F', '2017-01-09 12:11:29', '2017-01-09 12:11:36', '无'),
	(19, '9732EA3F', '2017-01-09 12:14:57', '2017-01-09 12:15:06', '无'),
	(20, '9732EA3F', '2017-01-09 12:17:53', '2017-01-09 12:18:02', '无'),
	(21, '9732EA3F', '2017-01-09 12:21:20', '2017-01-09 12:23:17', '无'),
	(22, '9732EA3F', '2017-01-09 12:36:47', '2017-01-09 12:36:56', '无'),
	(23, 'C2A455C6', '2017-01-09 15:12:25', '2017-01-09 15:13:21', '无'),
	(24, '9732EA3F', '2017-01-09 15:09:23', '2017-01-09 15:40:24', '无'),
	(25, '9732EA3F', '2017-01-09 15:40:39', '2017-01-09 15:41:42', '无'),
	(26, '9732EA3F', '2017-01-09 15:41:59', '2017-01-09 15:42:28', '无'),
	(27, '9732EA3F', '2017-01-09 15:42:37', '2017-01-09 15:43:25', '无'),
	(28, '9732EA3F', '2017-01-09 15:43:33', '2017-01-09 15:46:52', '无'),
	(29, '9732EA3F', '2017-01-09 15:53:21', '2017-01-09 15:55:30', '无'),
	(30, '9732EA3F', '2017-01-09 15:55:42', '2017-01-09 15:58:12', '无'),
	(31, '9732EA3F', '2017-01-09 15:58:22', '2017-01-09 15:59:42', '无'),
	(32, '9732EA3F', '2017-01-09 15:59:54', '2017-01-09 16:01:09', '无'),
	(33, '9732EA3F', '2017-01-09 16:01:27', '2017-01-09 16:03:24', '无'),
	(34, '9732EA3F', '2017-01-09 16:03:33', '2017-01-12 10:31:53', '无'),
	(35, 'C2A455C6', '2017-01-09 15:22:45', '2017-01-12 11:14:02', '无'),
	(36, 'C2A455C6', '2017-01-12 13:21:46', '2017-01-12 13:22:53', '无'),
	(37, 'C2A455C6', '2017-01-12 13:23:11', '2017-01-12 13:24:47', '无'),
	(38, 'C2A455C6', '2017-01-12 13:24:55', '2017-01-12 13:26:10', '无'),
	(39, '9732EA3F', '2017-01-12 12:19:32', '2017-01-12 21:45:02', '无'),
	(40, '9732EA3F', '2017-01-12 21:45:41', '2017-01-12 21:46:46', '无'),
	(41, '9732EA3F', '2017-01-12 21:47:48', '2017-01-12 21:51:00', '无'),
	(42, '9732EA3F', '2017-01-12 21:53:08', '2017-01-12 21:53:19', '无'),
	(43, '9732EA3F', '2017-01-12 21:54:23', '2017-01-12 21:55:03', '无'),
	(44, '9732EA3F', '2017-01-12 22:49:36', '2017-01-12 22:49:53', '通话故障');
/*!40000 ALTER TABLE `guidemdt` ENABLE KEYS */;


-- 导出  表 zhineng.memory 结构
CREATE TABLE IF NOT EXISTS `memory` (
  `mmid` int(11) NOT NULL AUTO_INCREMENT,
  `message` varchar(50) NOT NULL,
  `mtime` datetime NOT NULL,
  `opuser` varchar(50) DEFAULT NULL,
  `userid` int(9) DEFAULT NULL,
  PRIMARY KEY (`mmid`),
  KEY `FK_memory_user` (`userid`),
  CONSTRAINT `FK_memory_user` FOREIGN KEY (`userid`) REFERENCES `user` (`userid`)
) ENGINE=InnoDB AUTO_INCREMENT=369 DEFAULT CHARSET=utf8 COMMENT='记录表';

-- 正在导出表  zhineng.memory 的数据：~45 rows (大约)
/*!40000 ALTER TABLE `memory` DISABLE KEYS */;
INSERT INTO `memory` (`mmid`, `message`, `mtime`, `opuser`, `userid`) VALUES
	(178, '指派导游机9732EA3F号', '2017-01-02 15:30:20', '123', 2),
	(179, '指派导游机C2A455C6号', '2017-01-02 16:00:37', 'chris', 3),
	(180, '归还导游机9732EA3F号', '2017-01-02 16:03:16', '123', 2),
	(181, '指派导游机9732EA3F号', '2017-01-02 16:03:30', '123', 2),
	(182, '添加游客机0个成功！', '2017-01-02 16:24:38', 'crystal', 1),
	(183, '归还导游机C2A455C6号', '2017-01-02 16:32:00', 'chris', 3),
	(184, '归还导游机9732EA3F号', '2017-01-02 23:38:36', '123', 2),
	(185, '指派导游机9732EA3F号', '2017-01-02 23:48:27', '123', 2),
	(186, '归还导游机9732EA3F号', '2017-01-02 23:55:52', '123', 2),
	(187, '指派导游机9732EA3F号', '2017-01-02 23:56:48', 'chris', 3),
	(188, '归还导游机9732EA3F号', '2017-01-03 00:02:11', 'chris', 3),
	(189, '123213', '2017-01-09 19:59:01', 'chris', 3),
	(190, '山大倒萨的', '2017-01-09 20:00:57', 'chris', 3),
	(191, 'sadad', '2017-01-09 20:01:26', 'chris', 3),
	(192, '2132131', '2017-01-09 20:01:37', 'chris', 3),
	(324, '添加游客机0个成功！', '2017-01-09 19:04:01', '123', 2),
	(325, '188', '2017-01-02 16:03:30', 'chris', 3),
	(330, '归还导游机9732EA3F号', '2017-01-12 10:31:53', '123', 2),
	(332, '归还导游机C2A455C6号', '2017-01-12 11:14:02', '123', 2),
	(334, '指派导游机9732EA3F号', '2017-01-12 12:19:32', '123', 2),
	(337, '指派导游机C2A455C6号', '2017-01-12 13:21:46', '123', 2),
	(338, '打印凭单', '2017-01-12 13:21:56', '123', 2),
	(339, '归还导游机C2A455C6号', '2017-01-12 13:22:53', '123', 2),
	(340, '指派导游机C2A455C6号', '2017-01-12 13:23:11', '123', 2),
	(341, '打印凭单', '2017-01-12 13:23:13', '123', 2),
	(342, '归还导游机C2A455C6号', '2017-01-12 13:24:47', '123', 2),
	(343, '指派导游机C2A455C6号', '2017-01-12 13:24:55', '123', 2),
	(344, '打印凭单', '2017-01-12 13:24:57', '123', 2),
	(345, '归还导游机C2A455C6号', '2017-01-12 13:26:10', '123', 2),
	(346, '指派导游机C2A455C6号', '2017-01-12 13:26:18', '123', 2),
	(347, '打印凭单', '2017-01-12 13:26:21', '123', 2),
	(353, '归还导游机9732EA3F号', '2017-01-12 21:45:03', '123', 2),
	(354, '指派导游机9732EA3F号', '2017-01-12 21:45:42', '123', 2),
	(355, '归还导游机9732EA3F号', '2017-01-12 21:46:46', '123', 2),
	(356, '指派导游机9732EA3F号', '2017-01-12 21:47:48', '123', 2),
	(357, '归还导游机9732EA3F号', '2017-01-12 21:51:00', '123', 2),
	(358, '指派导游机9732EA3F号', '2017-01-12 21:53:08', '123', 2),
	(359, '归还导游机9732EA3F号', '2017-01-12 21:53:19', '123', 2),
	(360, '指派导游机9732EA3F号', '2017-01-12 21:54:23', '123', 2),
	(361, '归还导游机9732EA3F号', '2017-01-12 21:55:03', '123', 2),
	(362, '指派导游机9732EA3F号', '2017-01-12 22:49:36', '123', 2),
	(363, '导游机损坏9732EA3F号', '2017-01-12 22:49:53', '123', 2),
	(364, '指派导游机9732EA3F号', '2017-01-12 23:22:46', '123', 2),
	(365, '打印凭单', '2017-01-12 23:22:51', '123', 2),
	(366, '存入新用户几天想', '2017-01-15 10:01:15', NULL, NULL),
	(367, '添加游客机0个成功！', '2017-01-15 11:11:28', '123', 2),
	(368, '添加游客机0个成功！', '2017-01-15 11:12:54', '123', 2);
/*!40000 ALTER TABLE `memory` ENABLE KEYS */;


-- 导出  表 zhineng.message 结构
CREATE TABLE IF NOT EXISTS `message` (
  `Msgid` int(20) NOT NULL AUTO_INCREMENT,
  `guidemnum` varchar(50) DEFAULT NULL,
  `Status` int(2) DEFAULT NULL,
  `Content` varchar(100) DEFAULT NULL,
  `Time` datetime DEFAULT NULL,
  PRIMARY KEY (`Msgid`)
) ENGINE=InnoDB AUTO_INCREMENT=91 DEFAULT CHARSET=utf8;

-- 正在导出表  zhineng.message 的数据：~8 rows (大约)
/*!40000 ALTER TABLE `message` DISABLE KEYS */;
INSERT INTO `message` (`Msgid`, `guidemnum`, `Status`, `Content`, `Time`) VALUES
	(81, '9732EA3F', 0, '似的', '2017-01-02 16:06:38'),
	(82, '9732EA3F', 0, '1483345928920.mp3', '2017-01-02 16:32:08'),
	(83, '9732EA3F', 0, '1483345929107.mp3', '2017-01-02 16:32:09'),
	(84, '9732EA3F', 0, '1483345929266.mp3', '2017-01-02 16:32:09'),
	(85, '9732EA3F', 1, 'sda', '2017-01-02 22:06:41'),
	(86, 'C2A455C6', 2, '1483792379558.mp3', '2017-01-07 20:33:00'),
	(87, 'C2A455C6', 1, '你好  hi  你是谁  \r\n', '2017-01-12 11:06:57'),
	(88, '9732EA3F', 1, '', '2017-01-12 12:20:20'),
	(89, '9732EA3F', 2, '1484225966105.mp3', '2017-01-12 20:59:26'),
	(90, 'C2A455C6', 2, '1484447098193.mp3', '2017-01-15 10:24:58');
/*!40000 ALTER TABLE `message` ENABLE KEYS */;


-- 导出  表 zhineng.session 结构
CREATE TABLE IF NOT EXISTS `session` (
  `sessionId` int(9) NOT NULL AUTO_INCREMENT,
  `guideId` int(9) DEFAULT NULL,
  `guidemnum` varchar(50) DEFAULT NULL,
  `state` int(9) DEFAULT NULL,
  `score` varchar(500) DEFAULT NULL COMMENT '游客的评分',
  `info` varchar(20) DEFAULT NULL COMMENT '游客的评价信息',
  `person` int(9) DEFAULT '0',
  `onlineP` varchar(20) DEFAULT NULL,
  `uplineP` varchar(20) DEFAULT NULL,
  `onlineT` datetime DEFAULT NULL,
  `uplineT` datetime DEFAULT NULL,
  `timer` int(9) DEFAULT '0',
  PRIMARY KEY (`sessionId`),
  KEY `guideId` (`guideId`),
  CONSTRAINT `session_ibfk_1` FOREIGN KEY (`guideId`) REFERENCES `guide` (`guideid`)
) ENGINE=InnoDB AUTO_INCREMENT=5 DEFAULT CHARSET=utf8;

-- 正在导出表  zhineng.session 的数据：~4 rows (大约)
/*!40000 ALTER TABLE `session` DISABLE KEYS */;
INSERT INTO `session` (`sessionId`, `guideId`, `guidemnum`, `state`, `score`, `info`, `person`, `onlineP`, `uplineP`, `onlineT`, `uplineT`, `timer`) VALUES
	(1, 26, '9732EA3F', 0, '1,2,3,4,5', NULL, 5, NULL, NULL, '2017-01-13 14:30:20', '2017-01-02 17:29:18', 0),
	(2, 27, 'C2A455C6', 0, '5,5,5,5,5', NULL, 5, NULL, NULL, '2017-01-14 15:00:37', '2017-01-09 16:42:02', 0),
	(3, 26, '9732EA3F', 0, '5,5,5,5,5', NULL, 5, NULL, NULL, '2017-01-13 16:05:18', '2017-01-12 21:45:03', 0),
	(4, 26, NULL, 0, '1,1,1,1,1', NULL, 5, NULL, NULL, NULL, '2017-01-12 22:49:53', 0);
/*!40000 ALTER TABLE `session` ENABLE KEYS */;


-- 导出  表 zhineng.systemscore 结构
CREATE TABLE IF NOT EXISTS `systemscore` (
  `id` int(11) NOT NULL AUTO_INCREMENT,
  `workage1` int(11) DEFAULT NULL,
  `workage2` int(11) DEFAULT NULL,
  `workage3` int(11) DEFAULT NULL,
  `xueli1` int(11) DEFAULT NULL,
  `xueli2` int(11) DEFAULT NULL,
  `xueli3` int(11) DEFAULT NULL,
  `yuyanzuigao` int(11) DEFAULT NULL,
  `putong1` int(11) DEFAULT NULL,
  `putong2` int(11) DEFAULT NULL,
  `putong3` int(11) DEFAULT NULL,
  `yuyan` int(11) DEFAULT NULL,
  `zhengshu` int(11) DEFAULT NULL,
  `weizhixinxi` int(11) DEFAULT NULL,
  `shangxianshijian` int(11) DEFAULT NULL,
  `sxdd` int(11) DEFAULT NULL,
  `sxcs` int(11) DEFAULT NULL,
  `ctjj` int(11) DEFAULT NULL,
  `ykpj` int(11) DEFAULT NULL,
  `jws` varchar(50) DEFAULT NULL,
  `jwx` varchar(50) DEFAULT NULL,
  `jwz` varchar(50) DEFAULT NULL,
  `jwy` varchar(50) DEFAULT NULL,
  `tel` varchar(50) DEFAULT NULL,
  `jibenzuigao` int(11) DEFAULT NULL,
  PRIMARY KEY (`id`)
) ENGINE=InnoDB AUTO_INCREMENT=2 DEFAULT CHARSET=utf8 COMMENT='评分比重修改';

-- 正在导出表  zhineng.systemscore 的数据：~0 rows (大约)
/*!40000 ALTER TABLE `systemscore` DISABLE KEYS */;
INSERT INTO `systemscore` (`id`, `workage1`, `workage2`, `workage3`, `xueli1`, `xueli2`, `xueli3`, `yuyanzuigao`, `putong1`, `putong2`, `putong3`, `yuyan`, `zhengshu`, `weizhixinxi`, `shangxianshijian`, `sxdd`, `sxcs`, `ctjj`, `ykpj`, `jws`, `jwx`, `jwz`, `jwy`, `tel`, `jibenzuigao`) VALUES
	(1, NULL, NULL, NULL, 15, 10, 5, 5, 15, 10, 5, 1, 1, 5, 5, 5, 5, 5, 50, '0', '0', '0', '0', '15309272645', 30);
/*!40000 ALTER TABLE `systemscore` ENABLE KEYS */;


-- 导出  表 zhineng.total 结构
CREATE TABLE IF NOT EXISTS `total` (
  `totalId` int(9) NOT NULL AUTO_INCREMENT,
  `sessionId` int(9) DEFAULT NULL,
  `guideId` int(9) DEFAULT NULL,
  `person` int(9) DEFAULT '0',
  `position` varchar(20) DEFAULT NULL,
  `onlineTime` datetime DEFAULT NULL,
  `jingdu` decimal(10,6) DEFAULT NULL,
  `weidu` decimal(10,6) DEFAULT NULL,
  `rawjing` decimal(10,6) DEFAULT NULL,
  `rawwei` decimal(10,6) DEFAULT NULL,
  `bluenum` varchar(50) DEFAULT NULL,
  `bluejing` decimal(10,6) DEFAULT NULL,
  `bluewei` decimal(10,6) DEFAULT NULL,
  PRIMARY KEY (`totalId`),
  KEY `sessionId` (`sessionId`),
  CONSTRAINT `total_ibfk_1` FOREIGN KEY (`sessionId`) REFERENCES `session` (`sessionId`)
) ENGINE=InnoDB AUTO_INCREMENT=3550 DEFAULT CHARSET=utf8;

-- 正在导出表  zhineng.total 的数据：~1,666 rows (大约)
/*!40000 ALTER TABLE `total` DISABLE KEYS */;
INSERT INTO `total` (`totalId`, `sessionId`, `guideId`, `person`, `position`, `onlineTime`, `jingdu`, `weidu`, `rawjing`, `rawwei`, `bluenum`, `bluejing`, `bluewei`) VALUES
	(1882, 1, 26, 1, NULL, '2017-01-06 08:34:09', 108.893613, 34.157044, NULL, NULL, NULL, NULL, NULL),
	(1883, 1, 26, 200, NULL, '2017-01-07 11:02:23', 108.893613, 34.157044, NULL, NULL, NULL, NULL, NULL),
	(1884, 1, 26, 10, NULL, '2017-01-09 08:25:38', 108.905495, 34.157044, NULL, NULL, NULL, NULL, NULL),
	(1885, 2, 27, 100, NULL, '2017-01-07 11:50:53', 108.905495, 34.159567, NULL, NULL, NULL, NULL, NULL),
	(1886, 1, 26, 0, NULL, '2017-02-07 16:33:57', 108.905495, 34.159567, NULL, NULL, NULL, NULL, NULL),
	(1887, 1, 26, 0, NULL, NULL, 108.905495, 34.159567, NULL, NULL, NULL, NULL, NULL),
	(1888, 1, 26, 0, NULL, NULL, 108.905495, 34.159567, NULL, NULL, NULL, NULL, NULL),
	(1889, 1, 26, 0, NULL, NULL, 108.905495, 34.159567, NULL, NULL, NULL, NULL, NULL),
	(1890, 1, 26, 0, NULL, NULL, 108.905495, 34.159567, NULL, NULL, NULL, NULL, NULL),
	(1891, 1, 26, 0, NULL, NULL, 108.905495, 34.159567, NULL, NULL, NULL, NULL, NULL),
	(1892, 1, 26, 0, NULL, NULL, 108.905495, 34.159567, NULL, NULL, NULL, NULL, NULL),
	(1893, 1, 26, 0, NULL, NULL, 108.905495, 34.159567, NULL, NULL, NULL, NULL, NULL),
	(1894, 1, 26, 0, NULL, NULL, 108.905495, 34.159567, NULL, NULL, NULL, NULL, NULL),
	(1895, 1, 26, 0, NULL, NULL, 108.905495, 34.159567, NULL, NULL, NULL, NULL, NULL),
	(1896, 1, 26, 0, NULL, NULL, 108.905495, 34.159567, NULL, NULL, NULL, NULL, NULL),
	(1897, 1, 26, 0, NULL, NULL, 108.905495, 34.159567, NULL, NULL, NULL, NULL, NULL),
	(1898, 1, 26, 0, NULL, NULL, 108.905495, 34.159567, NULL, NULL, NULL, NULL, NULL),
	(1899, 1, 26, 0, NULL, NULL, 108.905495, 34.159567, NULL, NULL, NULL, NULL, NULL),
	(1900, 1, 26, 0, NULL, NULL, 108.905495, 34.159567, NULL, NULL, NULL, NULL, NULL),
	(1901, 2, 27, 0, NULL, NULL, 108.905495, 34.159567, NULL, NULL, NULL, NULL, NULL),
	(1902, 2, 27, 0, NULL, NULL, 108.905495, 34.159567, NULL, NULL, NULL, NULL, NULL),
	(1903, 1, 26, 0, NULL, NULL, 108.895143, 34.159856, NULL, NULL, NULL, NULL, NULL),
	(1904, 1, 26, 0, NULL, NULL, 108.895143, 34.159856, NULL, NULL, NULL, NULL, NULL),
	(1905, 2, 27, 0, NULL, NULL, 108.905495, 34.159567, NULL, NULL, NULL, NULL, NULL),
	(1906, 2, 27, 0, NULL, NULL, 108.905495, 34.159567, NULL, NULL, NULL, NULL, NULL),
	(1907, 2, 27, 0, NULL, NULL, 108.905495, 34.159567, NULL, NULL, NULL, NULL, NULL),
	(1908, 2, 27, 0, NULL, NULL, 108.905495, 34.159567, NULL, NULL, NULL, NULL, NULL),
	(1909, 2, 27, 0, NULL, NULL, 108.905495, 34.159567, NULL, NULL, NULL, NULL, NULL),
	(1910, 2, 27, 0, NULL, NULL, 108.905495, 34.159567, NULL, NULL, NULL, NULL, NULL),
	(1911, 1, 26, 0, NULL, NULL, 108.905495, 34.159567, NULL, NULL, NULL, NULL, NULL),
	(1912, 2, 27, 0, NULL, NULL, 108.905495, 34.159567, NULL, NULL, NULL, NULL, NULL),
	(1913, 2, 27, 0, NULL, NULL, 108.905495, 34.159567, NULL, NULL, NULL, NULL, NULL),
	(1914, 1, 26, 0, NULL, NULL, 108.905495, 34.159567, NULL, NULL, NULL, NULL, NULL),
	(1915, 2, 27, 0, NULL, NULL, 108.905495, 34.159567, NULL, NULL, NULL, NULL, NULL),
	(1916, 2, 27, 0, NULL, NULL, 108.905495, 34.159567, NULL, NULL, NULL, NULL, NULL),
	(1917, 2, 27, 0, NULL, NULL, 108.905495, 34.159567, NULL, NULL, NULL, NULL, NULL),
	(1918, 2, 27, 0, NULL, NULL, 108.905495, 34.159567, NULL, NULL, NULL, NULL, NULL),
	(1919, 2, 27, 0, NULL, NULL, 108.905495, 34.159567, NULL, NULL, NULL, NULL, NULL),
	(1920, 2, 27, 0, NULL, NULL, 108.905495, 34.159567, NULL, NULL, NULL, NULL, NULL),
	(1921, 2, 27, 0, NULL, NULL, 108.905495, 34.159567, NULL, NULL, NULL, NULL, NULL),
	(1922, 2, 27, 0, NULL, NULL, 108.905495, 34.159567, NULL, NULL, NULL, NULL, NULL),
	(1923, 2, 27, 0, NULL, NULL, 108.905495, 34.159567, NULL, NULL, NULL, NULL, NULL),
	(1924, 2, 27, 0, NULL, NULL, 108.905495, 34.159567, NULL, NULL, NULL, NULL, NULL),
	(1925, 2, 27, 0, NULL, NULL, 108.905495, 34.159567, NULL, NULL, NULL, NULL, NULL),
	(1926, 2, 27, 0, NULL, NULL, 108.905495, 34.159567, NULL, NULL, NULL, NULL, NULL),
	(1927, 2, 27, 0, NULL, NULL, 108.905495, 34.159567, NULL, NULL, NULL, NULL, NULL),
	(1928, 2, 27, 0, NULL, NULL, 108.905495, 34.159567, NULL, NULL, NULL, NULL, NULL),
	(1929, 2, 27, 0, NULL, NULL, 108.905495, 34.159567, NULL, NULL, NULL, NULL, NULL),
	(1930, 2, 27, 0, NULL, NULL, 108.905495, 34.159567, NULL, NULL, NULL, NULL, NULL),
	(1931, 2, 27, 0, NULL, NULL, 108.905495, 34.159567, NULL, NULL, NULL, NULL, NULL),
	(1932, 2, 27, 0, NULL, NULL, 108.905495, 34.159567, NULL, NULL, NULL, NULL, NULL),
	(1933, 2, 27, 0, NULL, NULL, 108.905495, 34.159567, NULL, NULL, NULL, NULL, NULL),
	(1934, 2, 27, 0, NULL, NULL, 108.905495, 34.159567, NULL, NULL, NULL, NULL, NULL),
	(1935, 2, 27, 0, NULL, NULL, 108.905495, 34.159567, NULL, NULL, NULL, NULL, NULL),
	(1936, 1, 26, 0, NULL, NULL, 108.905495, 34.159567, NULL, NULL, NULL, NULL, NULL),
	(1937, 2, 27, 0, NULL, NULL, 108.905495, 34.159567, NULL, NULL, NULL, NULL, NULL),
	(1938, 2, 27, 0, NULL, NULL, 108.905495, 34.159567, NULL, NULL, NULL, NULL, NULL),
	(1939, 2, 27, 0, NULL, NULL, 108.905495, 34.159567, NULL, NULL, NULL, NULL, NULL),
	(1940, 2, 27, 0, NULL, NULL, 108.905495, 34.159567, NULL, NULL, NULL, NULL, NULL),
	(1941, 2, 27, 0, NULL, NULL, 108.905495, 34.159567, NULL, NULL, NULL, NULL, NULL),
	(1942, 2, 27, 0, NULL, NULL, 108.905495, 34.159567, NULL, NULL, NULL, NULL, NULL),
	(1943, 2, 27, 0, NULL, NULL, 108.905495, 34.159567, NULL, NULL, NULL, NULL, NULL),
	(1944, 2, 27, 0, NULL, NULL, 108.905495, 34.159567, NULL, NULL, NULL, NULL, NULL),
	(1945, 2, 27, 0, NULL, NULL, 108.905495, 34.159567, NULL, NULL, NULL, NULL, NULL),
	(1946, 2, 27, 0, NULL, NULL, 108.905495, 34.159567, NULL, NULL, NULL, NULL, NULL),
	(1947, 2, 27, 0, NULL, NULL, 108.905495, 34.159567, NULL, NULL, NULL, NULL, NULL),
	(1948, 2, 27, 0, NULL, NULL, 108.905495, 34.159567, NULL, NULL, NULL, NULL, NULL),
	(1949, 1, 26, 0, NULL, NULL, 108.905495, 34.159567, NULL, NULL, NULL, NULL, NULL),
	(1950, 2, 27, 0, NULL, NULL, 108.905495, 34.159567, NULL, NULL, NULL, NULL, NULL),
	(1951, 2, 27, 0, NULL, NULL, 108.905495, 34.159567, NULL, NULL, NULL, NULL, NULL),
	(1952, 2, 27, 0, NULL, NULL, 108.905495, 34.159567, NULL, NULL, NULL, NULL, NULL),
	(1953, 2, 27, 0, NULL, NULL, 108.905495, 34.159567, NULL, NULL, NULL, NULL, NULL),
	(1954, 2, 27, 0, NULL, NULL, 108.905495, 34.159567, NULL, NULL, NULL, NULL, NULL),
	(1955, 2, 27, 0, NULL, NULL, 108.905495, 34.159567, NULL, NULL, NULL, NULL, NULL),
	(1956, 2, 27, 0, NULL, NULL, 108.905495, 34.159567, NULL, NULL, NULL, NULL, NULL),
	(1957, 2, 27, 0, NULL, NULL, 108.905495, 34.159567, NULL, NULL, NULL, NULL, NULL),
	(1958, 2, 27, 0, NULL, NULL, 108.905495, 34.159567, NULL, NULL, NULL, NULL, NULL),
	(1959, 2, 27, 0, NULL, NULL, 108.905495, 34.159567, NULL, NULL, NULL, NULL, NULL),
	(1960, 2, 27, 0, NULL, NULL, 108.905495, 34.159567, NULL, NULL, NULL, NULL, NULL),
	(1961, 2, 27, 0, NULL, NULL, 108.905495, 34.159567, NULL, NULL, NULL, NULL, NULL),
	(1962, 1, 26, 0, NULL, NULL, 108.893613, 34.155621, NULL, NULL, NULL, NULL, NULL),
	(1963, 2, 27, 0, NULL, NULL, 108.905495, 34.159567, NULL, NULL, NULL, NULL, NULL),
	(1964, 2, 27, 0, NULL, NULL, 108.905495, 34.159567, NULL, NULL, NULL, NULL, NULL),
	(1965, 2, 27, 0, NULL, NULL, 108.905495, 34.159567, NULL, NULL, NULL, NULL, NULL),
	(1966, 2, 27, 0, NULL, NULL, 108.905495, 34.159567, NULL, NULL, NULL, NULL, NULL),
	(1967, 2, 27, 0, NULL, NULL, 108.905495, 34.159567, NULL, NULL, NULL, NULL, NULL),
	(1968, 2, 27, 0, NULL, NULL, 108.905495, 34.159567, NULL, NULL, NULL, NULL, NULL),
	(1969, 2, 27, 0, NULL, NULL, 108.905495, 34.159567, NULL, NULL, NULL, NULL, NULL),
	(1970, 2, 27, 0, NULL, NULL, 108.905495, 34.159567, NULL, NULL, NULL, NULL, NULL),
	(1971, 2, 27, 0, NULL, NULL, 108.905495, 34.159567, NULL, NULL, NULL, NULL, NULL),
	(1972, 2, 27, 0, NULL, NULL, 108.905495, 34.159567, NULL, NULL, NULL, NULL, NULL),
	(1973, 2, 27, 0, NULL, NULL, 108.905495, 34.159567, NULL, NULL, NULL, NULL, NULL),
	(1974, 2, 27, 0, NULL, NULL, 108.905495, 34.159567, NULL, NULL, NULL, NULL, NULL),
	(1976, 2, 27, 0, NULL, NULL, 108.905495, 34.159567, NULL, NULL, NULL, NULL, NULL),
	(1977, 2, 27, 0, NULL, NULL, 108.905495, 34.159567, NULL, NULL, NULL, NULL, NULL),
	(1978, 2, 27, 0, NULL, NULL, 108.905495, 34.159567, NULL, NULL, NULL, NULL, NULL),
	(1979, 2, 27, 0, NULL, NULL, 108.905495, 34.159567, NULL, NULL, NULL, NULL, NULL),
	(1980, 2, 27, 0, NULL, NULL, 108.905495, 34.159567, NULL, NULL, NULL, NULL, NULL),
	(1981, 2, 27, 0, NULL, NULL, 108.905495, 34.159567, NULL, NULL, NULL, NULL, NULL),
	(1982, 2, 27, 0, NULL, NULL, 108.905495, 34.159567, NULL, NULL, NULL, NULL, NULL),
	(1983, 2, 27, 0, NULL, NULL, 108.905495, 34.159567, NULL, NULL, NULL, NULL, NULL),
	(1984, 2, 27, 0, NULL, NULL, 108.894655, 34.155621, NULL, NULL, NULL, NULL, NULL),
	(1985, 2, 27, 0, NULL, NULL, 108.905495, 34.159567, NULL, NULL, NULL, NULL, NULL),
	(1986, 2, 27, 0, NULL, NULL, 108.905495, 34.159567, NULL, NULL, NULL, NULL, NULL),
	(1987, 2, 27, 0, NULL, NULL, 108.905495, 34.159567, NULL, NULL, NULL, NULL, NULL),
	(1988, 2, 27, 0, NULL, NULL, 108.905495, 34.159567, NULL, NULL, NULL, NULL, NULL),
	(1989, 2, 27, 0, NULL, NULL, 108.905495, 34.159567, NULL, NULL, NULL, NULL, NULL),
	(1990, 2, 27, 0, NULL, NULL, 108.905495, 34.159567, NULL, NULL, NULL, NULL, NULL),
	(1991, 2, 27, 0, NULL, NULL, 108.905495, 34.159567, NULL, NULL, NULL, NULL, NULL),
	(1992, 2, 27, 0, NULL, NULL, 108.905495, 34.159567, NULL, NULL, NULL, NULL, NULL),
	(1993, 2, 27, 0, NULL, NULL, 108.905495, 34.159567, NULL, NULL, NULL, NULL, NULL),
	(1994, 2, 27, 0, NULL, NULL, 108.905495, 34.159567, NULL, NULL, NULL, NULL, NULL),
	(1995, 2, 27, 0, NULL, NULL, 108.905495, 34.159567, NULL, NULL, NULL, NULL, NULL),
	(1996, 2, 27, 0, NULL, NULL, 108.905495, 34.159567, NULL, NULL, NULL, NULL, NULL),
	(1997, 2, 27, 0, NULL, NULL, 108.905495, 34.159567, NULL, NULL, NULL, NULL, NULL),
	(1998, 2, 27, 0, NULL, NULL, 108.905495, 34.159567, NULL, NULL, NULL, NULL, NULL),
	(1999, 2, 27, 0, NULL, NULL, 108.905495, 34.159567, NULL, NULL, NULL, NULL, NULL),
	(2000, 2, 27, 0, NULL, NULL, 108.905495, 34.159567, NULL, NULL, NULL, NULL, NULL),
	(2001, 2, 27, 0, NULL, NULL, 108.905495, 34.159567, NULL, NULL, NULL, NULL, NULL),
	(2002, 2, 27, 0, NULL, NULL, 108.905495, 34.159567, NULL, NULL, NULL, NULL, NULL),
	(2003, 2, 27, 0, NULL, NULL, 108.905495, 34.159567, NULL, NULL, NULL, NULL, NULL),
	(2004, 2, 27, 0, NULL, NULL, 108.905495, 34.159567, NULL, NULL, NULL, NULL, NULL),
	(2005, 2, 27, 0, NULL, NULL, 108.905495, 34.159567, NULL, NULL, NULL, NULL, NULL),
	(2006, 2, 27, 0, NULL, NULL, 108.905495, 34.159567, NULL, NULL, NULL, NULL, NULL),
	(2007, 2, 27, 0, NULL, NULL, 108.905495, 34.159567, NULL, NULL, NULL, NULL, NULL),
	(2008, 2, 27, 0, NULL, NULL, 108.905495, 34.159567, NULL, NULL, NULL, NULL, NULL),
	(2009, 2, 27, 0, NULL, NULL, 108.905495, 34.159567, NULL, NULL, NULL, NULL, NULL),
	(2010, 2, 27, 0, NULL, NULL, 108.905495, 34.159567, NULL, NULL, NULL, NULL, NULL),
	(2011, 2, 27, 0, NULL, NULL, 108.905495, 34.159567, NULL, NULL, NULL, NULL, NULL),
	(2012, 2, 27, 0, NULL, NULL, 108.905495, 34.159567, NULL, NULL, NULL, NULL, NULL),
	(2013, 2, 27, 0, NULL, NULL, 108.905495, 34.159567, NULL, NULL, NULL, NULL, NULL),
	(2014, 2, 27, 0, NULL, NULL, 108.905495, 34.159567, NULL, NULL, NULL, NULL, NULL),
	(2015, 2, 27, 0, NULL, NULL, 108.905495, 34.159567, NULL, NULL, NULL, NULL, NULL),
	(2016, 2, 27, 0, NULL, NULL, 108.905495, 34.159567, NULL, NULL, NULL, NULL, NULL),
	(2017, 2, 27, 0, NULL, NULL, 108.905495, 34.159567, NULL, NULL, NULL, NULL, NULL),
	(2018, 2, 27, 0, NULL, NULL, 108.905495, 34.159567, NULL, NULL, NULL, NULL, NULL),
	(2019, 2, 27, 0, NULL, NULL, 108.905495, 34.159567, NULL, NULL, NULL, NULL, NULL),
	(2020, 2, 27, 0, NULL, NULL, 108.905495, 34.159567, NULL, NULL, NULL, NULL, NULL),
	(2021, 2, 27, 0, NULL, NULL, 108.905495, 34.159567, NULL, NULL, NULL, NULL, NULL),
	(2022, 2, 27, 0, NULL, NULL, 108.905495, 34.159567, NULL, NULL, NULL, NULL, NULL),
	(2023, 2, 27, 0, NULL, NULL, 108.905495, 34.159567, NULL, NULL, NULL, NULL, NULL),
	(2024, 2, 27, 0, NULL, NULL, 108.905495, 34.159567, NULL, NULL, NULL, NULL, NULL),
	(2025, 2, 27, 0, NULL, NULL, 108.905495, 34.159567, NULL, NULL, NULL, NULL, NULL),
	(2026, 2, 27, 0, NULL, NULL, 108.905495, 34.159567, NULL, NULL, NULL, NULL, NULL),
	(2027, 2, 27, 0, NULL, NULL, 108.905495, 34.159567, NULL, NULL, NULL, NULL, NULL),
	(2028, 2, 27, 0, NULL, NULL, 108.905495, 34.159567, NULL, NULL, NULL, NULL, NULL),
	(2029, 2, 27, 0, NULL, NULL, 108.905495, 34.159567, NULL, NULL, NULL, NULL, NULL),
	(2030, 2, 27, 0, NULL, NULL, 108.905495, 34.159567, NULL, NULL, NULL, NULL, NULL),
	(2031, 2, 27, 0, NULL, NULL, 108.905495, 34.159567, NULL, NULL, NULL, NULL, NULL),
	(2032, 2, 27, 0, NULL, NULL, 108.905495, 34.159567, NULL, NULL, NULL, NULL, NULL),
	(2033, 2, 27, 0, NULL, NULL, 108.905495, 34.159567, NULL, NULL, NULL, NULL, NULL),
	(2034, 2, 27, 0, NULL, NULL, 108.905495, 34.159567, NULL, NULL, NULL, NULL, NULL),
	(2035, 2, 27, 0, NULL, NULL, 108.905495, 34.159567, NULL, NULL, NULL, NULL, NULL),
	(2036, 2, 27, 0, NULL, NULL, 108.905495, 34.159567, NULL, NULL, NULL, NULL, NULL),
	(2037, 2, 27, 0, NULL, NULL, 108.905495, 34.159567, NULL, NULL, NULL, NULL, NULL),
	(2038, 2, 27, 0, NULL, NULL, 108.905495, 34.159567, NULL, NULL, NULL, NULL, NULL),
	(2039, 2, 27, 0, NULL, NULL, 108.905495, 34.159567, NULL, NULL, NULL, NULL, NULL),
	(2040, 2, 27, 0, NULL, NULL, 108.905495, 34.159567, NULL, NULL, NULL, NULL, NULL),
	(2041, 2, 27, 0, NULL, NULL, 108.905495, 34.159567, NULL, NULL, NULL, NULL, NULL),
	(2042, 2, 27, 0, NULL, NULL, 108.905495, 34.159567, NULL, NULL, NULL, NULL, NULL),
	(2043, 2, 27, 0, NULL, NULL, 108.905495, 34.159567, NULL, NULL, NULL, NULL, NULL),
	(2044, 2, 27, 0, NULL, NULL, 108.905495, 34.159567, NULL, NULL, NULL, NULL, NULL),
	(2045, 2, 27, 0, NULL, NULL, 108.905495, 34.159567, NULL, NULL, NULL, NULL, NULL),
	(2046, 2, 27, 0, NULL, NULL, 108.905495, 34.159567, NULL, NULL, NULL, NULL, NULL),
	(2047, 2, 27, 0, NULL, NULL, 108.905495, 34.159567, NULL, NULL, NULL, NULL, NULL),
	(2048, 2, 27, 0, NULL, NULL, 108.905495, 34.159567, NULL, NULL, NULL, NULL, NULL),
	(2049, 2, 27, 0, NULL, NULL, 108.905495, 34.159567, NULL, NULL, NULL, NULL, NULL),
	(2050, 2, 27, 0, NULL, NULL, 108.905495, 34.159567, NULL, NULL, NULL, NULL, NULL),
	(2051, 2, 27, 0, NULL, NULL, 108.905495, 34.159567, NULL, NULL, NULL, NULL, NULL),
	(2052, 2, 27, 0, NULL, NULL, 108.905495, 34.159567, NULL, NULL, NULL, NULL, NULL),
	(2053, 2, 27, 0, NULL, NULL, 108.905495, 34.159567, NULL, NULL, NULL, NULL, NULL),
	(2054, 2, 27, 0, NULL, NULL, 108.905495, 34.159567, NULL, NULL, NULL, NULL, NULL),
	(2055, 2, 27, 0, NULL, NULL, 108.905495, 34.159567, NULL, NULL, NULL, NULL, NULL),
	(2056, 2, 27, 0, NULL, NULL, 108.905495, 34.159567, NULL, NULL, NULL, NULL, NULL),
	(2057, 2, 27, 0, NULL, NULL, 108.905495, 34.159567, NULL, NULL, NULL, NULL, NULL),
	(2058, 2, 27, 0, NULL, NULL, 108.905495, 34.159567, NULL, NULL, NULL, NULL, NULL),
	(2059, 2, 27, 0, NULL, NULL, 108.905495, 34.159567, NULL, NULL, NULL, NULL, NULL),
	(2060, 2, 27, 0, NULL, NULL, 108.905495, 34.159567, NULL, NULL, NULL, NULL, NULL),
	(2061, 2, 27, 0, NULL, NULL, 108.905495, 34.159567, NULL, NULL, NULL, NULL, NULL),
	(2062, 2, 27, 0, NULL, NULL, 108.905495, 34.159567, NULL, NULL, NULL, NULL, NULL),
	(2063, 2, 27, 0, NULL, NULL, 108.905495, 34.159567, NULL, NULL, NULL, NULL, NULL),
	(2064, 2, 27, 0, NULL, NULL, 108.905495, 34.159567, NULL, NULL, NULL, NULL, NULL),
	(2065, 2, 27, 0, NULL, NULL, 108.905495, 34.159567, NULL, NULL, NULL, NULL, NULL),
	(2066, 2, 27, 0, NULL, NULL, 108.905495, 34.159567, NULL, NULL, NULL, NULL, NULL),
	(2067, 2, 27, 0, NULL, NULL, 108.905495, 34.159567, NULL, NULL, NULL, NULL, NULL),
	(2068, 2, 27, 0, NULL, NULL, 108.905495, 34.159567, NULL, NULL, NULL, NULL, NULL),
	(2069, 2, 27, 0, NULL, NULL, 108.905495, 34.159567, NULL, NULL, NULL, NULL, NULL),
	(2070, 2, 27, 0, NULL, NULL, 108.905495, 34.159567, NULL, NULL, NULL, NULL, NULL),
	(2071, 2, 27, 0, NULL, NULL, 108.905495, 34.159567, NULL, NULL, NULL, NULL, NULL),
	(2072, 2, 27, 0, NULL, NULL, 108.905495, 34.159567, NULL, NULL, NULL, NULL, NULL),
	(2073, 2, 27, 0, NULL, NULL, 108.905495, 34.159567, NULL, NULL, NULL, NULL, NULL),
	(2074, 2, 27, 0, NULL, NULL, 108.905495, 34.159567, NULL, NULL, NULL, NULL, NULL),
	(2075, 2, 27, 0, NULL, NULL, 108.905495, 34.159567, NULL, NULL, NULL, NULL, NULL),
	(2076, 2, 27, 0, NULL, NULL, 108.905495, 34.159567, NULL, NULL, NULL, NULL, NULL),
	(2077, 2, 27, 0, NULL, NULL, 108.905495, 34.159567, NULL, NULL, NULL, NULL, NULL),
	(2078, 2, 27, 0, NULL, NULL, 108.905495, 34.159567, NULL, NULL, NULL, NULL, NULL),
	(2079, 2, 27, 0, NULL, NULL, 108.905495, 34.159567, NULL, NULL, NULL, NULL, NULL),
	(2080, 2, 27, 0, NULL, NULL, 108.905495, 34.159567, NULL, NULL, NULL, NULL, NULL),
	(2081, 2, 27, 0, NULL, NULL, 108.905495, 34.159567, NULL, NULL, NULL, NULL, NULL),
	(2082, 2, 27, 0, NULL, NULL, 108.905495, 34.159567, NULL, NULL, NULL, NULL, NULL),
	(2083, 2, 27, 0, NULL, NULL, 108.905495, 34.159567, NULL, NULL, NULL, NULL, NULL),
	(2084, 2, 27, 0, NULL, NULL, 108.905495, 34.159567, NULL, NULL, NULL, NULL, NULL),
	(2085, 2, 27, 0, NULL, NULL, 108.905495, 34.159567, NULL, NULL, NULL, NULL, NULL),
	(2086, 2, 27, 0, NULL, NULL, 108.905495, 34.159567, NULL, NULL, NULL, NULL, NULL),
	(2087, 2, 27, 0, NULL, NULL, 108.905495, 34.159567, NULL, NULL, NULL, NULL, NULL),
	(2088, 2, 27, 0, NULL, NULL, 108.905495, 34.159567, NULL, NULL, NULL, NULL, NULL),
	(2089, 2, 27, 0, NULL, NULL, 108.905495, 34.159567, NULL, NULL, NULL, NULL, NULL),
	(2090, 2, 27, 0, NULL, NULL, 108.905495, 34.159567, NULL, NULL, NULL, NULL, NULL),
	(2091, 2, 27, 0, NULL, NULL, 108.905495, 34.159567, NULL, NULL, NULL, NULL, NULL),
	(2092, 3, 26, 0, NULL, NULL, 108.893613, 34.157044, NULL, NULL, NULL, NULL, NULL),
	(2093, 3, 26, 0, NULL, NULL, 108.893613, 34.157044, NULL, NULL, NULL, NULL, NULL),
	(2094, 2, 27, 0, NULL, NULL, 108.905495, 34.159567, NULL, NULL, NULL, NULL, NULL),
	(2095, 2, 27, 0, NULL, NULL, 108.905495, 34.159567, NULL, NULL, NULL, NULL, NULL),
	(2096, 2, 27, 0, NULL, NULL, 108.905495, 34.159567, NULL, NULL, NULL, NULL, NULL),
	(2097, 2, 27, 0, NULL, NULL, 108.905495, 34.159567, NULL, NULL, NULL, NULL, NULL),
	(2098, 2, 27, 0, NULL, NULL, 108.905495, 34.159567, NULL, NULL, NULL, NULL, NULL),
	(2099, 2, 27, 0, NULL, NULL, 108.905495, 34.159567, NULL, NULL, NULL, NULL, NULL),
	(2100, 2, 27, 0, NULL, NULL, 108.905495, 34.159567, NULL, NULL, NULL, NULL, NULL),
	(2101, 2, 27, 0, NULL, NULL, 108.905495, 34.159567, NULL, NULL, NULL, NULL, NULL),
	(2102, 2, 27, 0, NULL, NULL, 108.905495, 34.159567, NULL, NULL, NULL, NULL, NULL),
	(2103, 2, 27, 0, NULL, NULL, 108.905495, 34.159567, NULL, NULL, NULL, NULL, NULL),
	(2104, 2, 27, 0, NULL, NULL, 108.905495, 34.159567, NULL, NULL, NULL, NULL, NULL),
	(2105, 2, 27, 0, NULL, NULL, 108.905495, 34.159567, NULL, NULL, NULL, NULL, NULL),
	(2106, 2, 27, 0, NULL, NULL, 108.905495, 34.159567, NULL, NULL, NULL, NULL, NULL),
	(2107, 2, 27, 0, NULL, NULL, 108.905495, 34.159567, NULL, NULL, NULL, NULL, NULL),
	(2108, 2, 27, 0, NULL, NULL, 108.905495, 34.159567, NULL, NULL, NULL, NULL, NULL),
	(2109, 2, 27, 0, NULL, NULL, 108.905495, 34.159567, NULL, NULL, NULL, NULL, NULL),
	(2110, 2, 27, 0, NULL, NULL, 108.905495, 34.159567, NULL, NULL, NULL, NULL, NULL),
	(2111, 2, 27, 0, NULL, NULL, 108.905495, 34.159567, NULL, NULL, NULL, NULL, NULL),
	(2112, 3, 26, 0, NULL, NULL, 108.905495, 34.159567, NULL, NULL, NULL, NULL, NULL),
	(2113, 3, 26, 0, NULL, NULL, 108.905495, 34.159567, NULL, NULL, NULL, NULL, NULL),
	(2114, 2, 27, 0, NULL, NULL, 108.905495, 34.159567, NULL, NULL, NULL, NULL, NULL),
	(2115, 2, 27, 0, NULL, NULL, 108.905495, 34.159567, NULL, NULL, NULL, NULL, NULL),
	(2116, 2, 27, 0, NULL, NULL, 108.905495, 34.159567, NULL, NULL, NULL, NULL, NULL),
	(2117, 2, 27, 0, NULL, NULL, 108.905495, 34.159567, NULL, NULL, NULL, NULL, NULL),
	(2118, 2, 27, 0, NULL, NULL, 108.905495, 34.159567, NULL, NULL, NULL, NULL, NULL),
	(2119, 2, 27, 0, NULL, NULL, 108.905495, 34.159567, NULL, NULL, NULL, NULL, NULL),
	(2120, 2, 27, 0, NULL, NULL, 108.905495, 34.159567, NULL, NULL, NULL, NULL, NULL),
	(2121, 2, 27, 0, NULL, NULL, 108.905495, 34.159567, NULL, NULL, NULL, NULL, NULL),
	(2122, 2, 27, 0, NULL, NULL, 108.905495, 34.159567, NULL, NULL, NULL, NULL, NULL),
	(2123, 2, 27, 0, NULL, NULL, 108.905495, 34.159567, NULL, NULL, NULL, NULL, NULL),
	(2124, 2, 27, 0, NULL, NULL, 108.905495, 34.159567, NULL, NULL, NULL, NULL, NULL),
	(2125, 2, 27, 0, NULL, NULL, 108.905495, 34.159567, NULL, NULL, NULL, NULL, NULL),
	(2126, 2, 27, 0, NULL, NULL, 108.905495, 34.159567, NULL, NULL, NULL, NULL, NULL),
	(2127, 2, 27, 0, NULL, NULL, 108.905495, 34.159567, NULL, NULL, NULL, NULL, NULL),
	(2128, 2, 27, 0, NULL, NULL, 108.905495, 34.159567, NULL, NULL, NULL, NULL, NULL),
	(2129, 2, 27, 0, NULL, NULL, 108.905495, 34.159567, NULL, NULL, NULL, NULL, NULL),
	(2130, 2, 27, 0, NULL, NULL, 108.905495, 34.159567, NULL, NULL, NULL, NULL, NULL),
	(2131, 2, 27, 0, NULL, NULL, 108.905495, 34.159567, NULL, NULL, NULL, NULL, NULL),
	(2132, 3, 26, 0, NULL, NULL, 108.905495, 34.159567, NULL, NULL, NULL, NULL, NULL),
	(2133, 3, 26, 0, NULL, NULL, 108.905495, 34.159567, NULL, NULL, NULL, NULL, NULL),
	(2134, 2, 27, 0, NULL, NULL, 108.905495, 34.159567, NULL, NULL, NULL, NULL, NULL),
	(2135, 2, 27, 0, NULL, NULL, 108.905495, 34.159567, NULL, NULL, NULL, NULL, NULL),
	(2136, 2, 27, 0, NULL, NULL, 108.905495, 34.159567, NULL, NULL, NULL, NULL, NULL),
	(2137, 2, 27, 0, NULL, NULL, 108.905495, 34.159567, NULL, NULL, NULL, NULL, NULL),
	(2138, 2, 27, 0, NULL, NULL, 108.905495, 34.159567, NULL, NULL, NULL, NULL, NULL),
	(2139, 2, 27, 0, NULL, NULL, 108.905495, 34.159567, NULL, NULL, NULL, NULL, NULL),
	(2140, 2, 27, 0, NULL, NULL, 108.905495, 34.159567, NULL, NULL, NULL, NULL, NULL),
	(2141, 2, 27, 0, NULL, NULL, 108.905495, 34.159567, NULL, NULL, NULL, NULL, NULL),
	(2142, 2, 27, 0, NULL, NULL, 108.905495, 34.159567, NULL, NULL, NULL, NULL, NULL),
	(2143, 2, 27, 0, NULL, NULL, 108.905495, 34.159567, NULL, NULL, NULL, NULL, NULL),
	(2144, 2, 27, 0, NULL, NULL, 108.905495, 34.159567, NULL, NULL, NULL, NULL, NULL),
	(2145, 2, 27, 0, NULL, NULL, 108.905495, 34.159567, NULL, NULL, NULL, NULL, NULL),
	(2146, 2, 27, 0, NULL, NULL, 108.905495, 34.159567, NULL, NULL, NULL, NULL, NULL),
	(2147, 2, 27, 0, NULL, NULL, 108.905495, 34.159567, NULL, NULL, NULL, NULL, NULL),
	(2148, 3, 26, 0, NULL, NULL, 108.905495, 34.159567, NULL, NULL, NULL, NULL, NULL),
	(2149, 2, 27, 0, NULL, NULL, 108.905495, 34.159567, NULL, NULL, NULL, NULL, NULL),
	(2150, 2, 27, 0, NULL, NULL, 108.905495, 34.159567, NULL, NULL, NULL, NULL, NULL),
	(2151, 2, 27, 0, NULL, NULL, 108.905495, 34.159567, NULL, NULL, NULL, NULL, NULL),
	(2152, 2, 27, 0, NULL, NULL, 108.905495, 34.159567, NULL, NULL, NULL, NULL, NULL),
	(2153, 3, 26, 0, NULL, NULL, 108.905495, 34.159567, NULL, NULL, NULL, NULL, NULL),
	(2154, 3, 26, 0, NULL, NULL, 108.905495, 34.159567, NULL, NULL, NULL, NULL, NULL),
	(2155, 3, 26, 0, NULL, NULL, 108.905495, 34.159567, NULL, NULL, NULL, NULL, NULL),
	(2156, 2, 27, 0, NULL, NULL, 108.905495, 34.159567, NULL, NULL, NULL, NULL, NULL),
	(2157, 2, 27, 0, NULL, NULL, 108.905495, 34.159567, NULL, NULL, NULL, NULL, NULL),
	(2158, 2, 27, 0, NULL, NULL, 108.905495, 34.159567, NULL, NULL, NULL, NULL, NULL),
	(2159, 2, 27, 0, NULL, NULL, 108.905495, 34.159567, NULL, NULL, NULL, NULL, NULL),
	(2160, 2, 27, 0, NULL, NULL, 108.905495, 34.159567, NULL, NULL, NULL, NULL, NULL),
	(2161, 2, 27, 0, NULL, NULL, 108.905495, 34.159567, NULL, NULL, NULL, NULL, NULL),
	(2162, 2, 27, 0, NULL, NULL, 108.905495, 34.159567, NULL, NULL, NULL, NULL, NULL),
	(2163, 2, 27, 0, NULL, NULL, 108.905495, 34.159567, NULL, NULL, NULL, NULL, NULL),
	(2164, 2, 27, 0, NULL, NULL, 108.905495, 34.159567, NULL, NULL, NULL, NULL, NULL),
	(2165, 2, 27, 0, NULL, NULL, 108.905495, 34.159567, NULL, NULL, NULL, NULL, NULL),
	(2166, 2, 27, 0, NULL, NULL, 108.905495, 34.159567, NULL, NULL, NULL, NULL, NULL),
	(2167, 2, 27, 0, NULL, NULL, 108.905495, 34.159567, NULL, NULL, NULL, NULL, NULL),
	(2168, 2, 27, 0, NULL, NULL, 108.905495, 34.159567, NULL, NULL, NULL, NULL, NULL),
	(2169, 2, 27, 0, NULL, NULL, 108.905495, 34.159567, NULL, NULL, NULL, NULL, NULL),
	(2170, 3, 26, 0, NULL, NULL, 108.893613, 34.157044, NULL, NULL, NULL, NULL, NULL),
	(2171, 2, 27, 0, NULL, NULL, 108.905495, 34.159567, NULL, NULL, NULL, NULL, NULL),
	(2172, 2, 27, 0, NULL, NULL, 108.905495, 34.159567, NULL, NULL, NULL, NULL, NULL),
	(2173, 2, 27, 0, NULL, NULL, 108.905495, 34.159567, NULL, NULL, NULL, NULL, NULL),
	(2174, 2, 27, 0, NULL, NULL, 108.905495, 34.159567, NULL, NULL, NULL, NULL, NULL),
	(2175, 3, 26, 0, NULL, NULL, 108.905495, 34.159567, NULL, NULL, NULL, NULL, NULL),
	(2176, 3, 26, 0, NULL, NULL, 108.905495, 34.159567, NULL, NULL, NULL, NULL, NULL),
	(2177, 3, 26, 0, NULL, NULL, 108.905495, 34.159567, NULL, NULL, NULL, NULL, NULL),
	(2178, 2, 27, 0, NULL, NULL, 108.905495, 34.159567, NULL, NULL, NULL, NULL, NULL),
	(2179, 2, 27, 0, NULL, NULL, 108.905495, 34.159567, NULL, NULL, NULL, NULL, NULL),
	(2180, 2, 27, 0, NULL, NULL, 108.905495, 34.159567, NULL, NULL, NULL, NULL, NULL),
	(2181, 2, 27, 0, NULL, NULL, 108.905495, 34.159567, NULL, NULL, NULL, NULL, NULL),
	(2182, 2, 27, 0, NULL, NULL, 108.905495, 34.159567, NULL, NULL, NULL, NULL, NULL),
	(2183, 2, 27, 0, NULL, NULL, 108.905495, 34.159567, NULL, NULL, NULL, NULL, NULL),
	(2184, 2, 27, 0, NULL, NULL, 108.905495, 34.159567, NULL, NULL, NULL, NULL, NULL),
	(2185, 2, 27, 0, NULL, NULL, 108.905495, 34.159567, NULL, NULL, NULL, NULL, NULL),
	(2186, 2, 27, 0, NULL, NULL, 108.905495, 34.159567, NULL, NULL, NULL, NULL, NULL),
	(2187, 2, 27, 0, NULL, NULL, 108.905495, 34.159567, NULL, NULL, NULL, NULL, NULL),
	(2188, 2, 27, 0, NULL, NULL, 108.905495, 34.159567, NULL, NULL, NULL, NULL, NULL),
	(2189, 2, 27, 0, NULL, NULL, 108.905495, 34.159567, NULL, NULL, NULL, NULL, NULL),
	(2190, 2, 27, 0, NULL, NULL, 108.905495, 34.159567, NULL, NULL, NULL, NULL, NULL),
	(2191, 2, 27, 0, NULL, NULL, 108.905495, 34.159567, NULL, NULL, NULL, NULL, NULL),
	(2192, 3, 26, 0, NULL, NULL, 108.893613, 34.157044, NULL, NULL, NULL, NULL, NULL),
	(2193, 2, 27, 0, NULL, NULL, 108.905495, 34.159567, NULL, NULL, NULL, NULL, NULL),
	(2194, 2, 27, 0, NULL, NULL, 108.905495, 34.159567, NULL, NULL, NULL, NULL, NULL),
	(2195, 2, 27, 0, NULL, NULL, 108.905495, 34.159567, NULL, NULL, NULL, NULL, NULL),
	(2196, 2, 27, 0, NULL, NULL, 108.905495, 34.159567, NULL, NULL, NULL, NULL, NULL),
	(2197, 3, 26, 0, NULL, NULL, 108.893613, 34.157044, NULL, NULL, NULL, NULL, NULL),
	(2198, 3, 26, 0, NULL, NULL, 108.893613, 34.157044, NULL, NULL, NULL, NULL, NULL),
	(2199, 3, 26, 0, NULL, NULL, 108.893613, 34.157044, NULL, NULL, NULL, NULL, NULL),
	(2200, 2, 27, 0, NULL, NULL, 108.905495, 34.159567, NULL, NULL, NULL, NULL, NULL),
	(2201, 2, 27, 0, NULL, NULL, 108.905495, 34.159567, NULL, NULL, NULL, NULL, NULL),
	(2202, 2, 27, 0, NULL, NULL, 108.905495, 34.159567, NULL, NULL, NULL, NULL, NULL),
	(2203, 2, 27, 0, NULL, NULL, 108.905495, 34.159567, NULL, NULL, NULL, NULL, NULL),
	(2204, 3, 26, 0, NULL, NULL, 108.893613, 34.157044, NULL, NULL, NULL, NULL, NULL),
	(2205, 2, 27, 0, NULL, NULL, 108.905495, 34.159567, NULL, NULL, NULL, NULL, NULL),
	(2206, 2, 27, 0, NULL, NULL, 108.905495, 34.159567, NULL, NULL, NULL, NULL, NULL),
	(2207, 2, 27, 0, NULL, NULL, 108.905495, 34.159567, NULL, NULL, NULL, NULL, NULL),
	(2208, 2, 27, 0, NULL, NULL, 108.905495, 34.159567, NULL, NULL, NULL, NULL, NULL),
	(2209, 2, 27, 0, NULL, NULL, 108.905495, 34.159567, NULL, NULL, NULL, NULL, NULL),
	(2210, 2, 27, 0, NULL, NULL, 108.905495, 34.159567, NULL, NULL, NULL, NULL, NULL),
	(2211, 2, 27, 0, NULL, NULL, 108.905495, 34.159567, NULL, NULL, NULL, NULL, NULL),
	(2212, 2, 27, 0, NULL, NULL, 108.905495, 34.159567, NULL, NULL, NULL, NULL, NULL),
	(2213, 2, 27, 0, NULL, NULL, 108.905495, 34.159567, NULL, NULL, NULL, NULL, NULL),
	(2214, 2, 27, 0, NULL, NULL, 108.905495, 34.159567, NULL, NULL, NULL, NULL, NULL),
	(2215, 3, 26, 0, NULL, NULL, 108.905625, 34.159574, NULL, NULL, NULL, NULL, NULL),
	(2216, 2, 27, 0, NULL, NULL, 108.905495, 34.159567, NULL, NULL, NULL, NULL, NULL),
	(2217, 2, 27, 0, NULL, NULL, 108.905495, 34.159567, NULL, NULL, NULL, NULL, NULL),
	(2218, 2, 27, 0, NULL, NULL, 108.905495, 34.159567, NULL, NULL, NULL, NULL, NULL),
	(2219, 2, 27, 0, NULL, NULL, 108.905495, 34.159567, NULL, NULL, NULL, NULL, NULL),
	(2220, 3, 26, 0, NULL, NULL, 108.893613, 34.157044, NULL, NULL, NULL, NULL, NULL),
	(2221, 3, 26, 0, NULL, NULL, 108.893613, 34.157044, NULL, NULL, NULL, NULL, NULL),
	(2222, 3, 26, 0, NULL, NULL, 108.893613, 34.157044, NULL, NULL, NULL, NULL, NULL),
	(2223, 2, 27, 0, NULL, NULL, 108.905495, 34.159567, NULL, NULL, NULL, NULL, NULL),
	(2224, 2, 27, 0, NULL, NULL, 108.905495, 34.159567, NULL, NULL, NULL, NULL, NULL),
	(2225, 2, 27, 0, NULL, NULL, 108.905495, 34.159567, NULL, NULL, NULL, NULL, NULL),
	(2226, 2, 27, 0, NULL, NULL, 108.905495, 34.159567, NULL, NULL, NULL, NULL, NULL),
	(2227, 3, 26, 0, NULL, NULL, 108.893613, 34.157044, NULL, NULL, NULL, NULL, NULL),
	(2228, 2, 27, 0, NULL, NULL, 108.905495, 34.159567, NULL, NULL, NULL, NULL, NULL),
	(2229, 2, 27, 0, NULL, NULL, 108.905495, 34.159567, NULL, NULL, NULL, NULL, NULL),
	(2230, 2, 27, 0, NULL, NULL, 108.905495, 34.159567, NULL, NULL, NULL, NULL, NULL),
	(2231, 2, 27, 0, NULL, NULL, 108.905495, 34.159567, NULL, NULL, NULL, NULL, NULL),
	(2232, 2, 27, 0, NULL, NULL, 108.905495, 34.159567, NULL, NULL, NULL, NULL, NULL),
	(2233, 2, 27, 0, NULL, NULL, 108.905495, 34.159567, NULL, NULL, NULL, NULL, NULL),
	(2234, 2, 27, 0, NULL, NULL, 108.905495, 34.159567, NULL, NULL, NULL, NULL, NULL),
	(2235, 2, 27, 0, NULL, NULL, 108.905495, 34.159567, NULL, NULL, NULL, NULL, NULL),
	(2236, 2, 27, 0, NULL, NULL, 108.905495, 34.159567, NULL, NULL, NULL, NULL, NULL),
	(2237, 2, 27, 0, NULL, NULL, 108.905495, 34.159567, NULL, NULL, NULL, NULL, NULL),
	(2238, 3, 26, 0, NULL, NULL, 108.893613, 34.157044, NULL, NULL, NULL, NULL, NULL),
	(2239, 2, 27, 0, NULL, NULL, 108.905495, 34.159567, NULL, NULL, NULL, NULL, NULL),
	(2240, 2, 27, 0, NULL, NULL, 108.905495, 34.159567, NULL, NULL, NULL, NULL, NULL),
	(2241, 2, 27, 0, NULL, NULL, 108.905495, 34.159567, NULL, NULL, NULL, NULL, NULL),
	(2242, 2, 27, 0, NULL, NULL, 108.905495, 34.159567, NULL, NULL, NULL, NULL, NULL),
	(2243, 3, 26, 0, NULL, NULL, 108.893613, 34.157044, NULL, NULL, NULL, NULL, NULL),
	(2244, 3, 26, 0, NULL, NULL, 108.893613, 34.157044, NULL, NULL, NULL, NULL, NULL),
	(2245, 3, 26, 0, NULL, NULL, 108.893613, 34.157044, NULL, NULL, NULL, NULL, NULL),
	(2246, 2, 27, 0, NULL, NULL, 108.905495, 34.159567, NULL, NULL, NULL, NULL, NULL),
	(2247, 2, 27, 0, NULL, NULL, 108.905495, 34.159567, NULL, NULL, NULL, NULL, NULL),
	(2248, 2, 27, 0, NULL, NULL, 108.905495, 34.159567, NULL, NULL, NULL, NULL, NULL),
	(2249, 2, 27, 0, NULL, NULL, 108.905495, 34.159567, NULL, NULL, NULL, NULL, NULL),
	(2250, 2, 27, 0, NULL, NULL, 108.905495, 34.159567, NULL, NULL, NULL, NULL, NULL),
	(2251, 3, 26, 0, NULL, NULL, 108.893613, 34.157044, NULL, NULL, NULL, NULL, NULL),
	(2252, 2, 27, 0, NULL, NULL, 108.905495, 34.159567, NULL, NULL, NULL, NULL, NULL),
	(2253, 2, 27, 0, NULL, NULL, 108.905495, 34.159567, NULL, NULL, NULL, NULL, NULL),
	(2254, 2, 27, 0, NULL, NULL, 108.905495, 34.159567, NULL, NULL, NULL, NULL, NULL),
	(2255, 2, 27, 0, NULL, NULL, 108.905495, 34.159567, NULL, NULL, NULL, NULL, NULL),
	(2256, 2, 27, 0, NULL, NULL, 108.905495, 34.159567, NULL, NULL, NULL, NULL, NULL),
	(2257, 2, 27, 0, NULL, NULL, 108.905495, 34.159567, NULL, NULL, NULL, NULL, NULL),
	(2258, 2, 27, 0, NULL, NULL, 108.905495, 34.159567, NULL, NULL, NULL, NULL, NULL),
	(2259, 2, 27, 0, NULL, NULL, 108.905495, 34.159567, NULL, NULL, NULL, NULL, NULL),
	(2260, 2, 27, 0, NULL, NULL, 108.905495, 34.159567, NULL, NULL, NULL, NULL, NULL),
	(2261, 2, 27, 0, NULL, NULL, 108.905495, 34.159567, NULL, NULL, NULL, NULL, NULL),
	(2262, 3, 26, 0, NULL, NULL, 108.893613, 34.157044, NULL, NULL, NULL, NULL, NULL),
	(2263, 2, 27, 0, NULL, NULL, 108.905495, 34.159567, NULL, NULL, NULL, NULL, NULL),
	(2264, 2, 27, 0, NULL, NULL, 108.905495, 34.159567, NULL, NULL, NULL, NULL, NULL),
	(2265, 2, 27, 0, NULL, NULL, 108.905495, 34.159567, NULL, NULL, NULL, NULL, NULL),
	(2266, 2, 27, 0, NULL, NULL, 108.905495, 34.159567, NULL, NULL, NULL, NULL, NULL),
	(2267, 3, 26, 0, NULL, NULL, 108.893613, 34.157044, NULL, NULL, NULL, NULL, NULL),
	(2268, 3, 26, 0, NULL, NULL, 108.893613, 34.157044, NULL, NULL, NULL, NULL, NULL),
	(2269, 3, 26, 0, NULL, NULL, 108.893613, 34.157044, NULL, NULL, NULL, NULL, NULL),
	(2270, 2, 27, 0, NULL, NULL, 108.905495, 34.159567, NULL, NULL, NULL, NULL, NULL),
	(2271, 2, 27, 0, NULL, NULL, 108.905495, 34.159567, NULL, NULL, NULL, NULL, NULL),
	(2272, 2, 27, 0, NULL, NULL, 108.905495, 34.159567, NULL, NULL, NULL, NULL, NULL),
	(2273, 2, 27, 0, NULL, NULL, 108.905495, 34.159567, NULL, NULL, NULL, NULL, NULL),
	(2274, 2, 27, 0, NULL, NULL, 108.905495, 34.159567, NULL, NULL, NULL, NULL, NULL),
	(2275, 3, 26, 0, NULL, NULL, 108.893613, 34.157044, NULL, NULL, NULL, NULL, NULL),
	(2276, 2, 27, 0, NULL, NULL, 108.905495, 34.159567, NULL, NULL, NULL, NULL, NULL),
	(2277, 2, 27, 0, NULL, NULL, 108.905495, 34.159567, NULL, NULL, NULL, NULL, NULL),
	(2278, 2, 27, 0, NULL, NULL, 108.905495, 34.159567, NULL, NULL, NULL, NULL, NULL),
	(2279, 2, 27, 0, NULL, NULL, 108.905495, 34.159567, NULL, NULL, NULL, NULL, NULL),
	(2280, 2, 27, 0, NULL, NULL, 108.905495, 34.159567, NULL, NULL, NULL, NULL, NULL),
	(2281, 2, 27, 0, NULL, NULL, 108.905495, 34.159567, NULL, NULL, NULL, NULL, NULL),
	(2282, 2, 27, 0, NULL, NULL, 108.905495, 34.159567, NULL, NULL, NULL, NULL, NULL),
	(2283, 2, 27, 0, NULL, NULL, 108.905495, 34.159567, NULL, NULL, NULL, NULL, NULL),
	(2284, 2, 27, 0, NULL, NULL, 108.905495, 34.159567, NULL, NULL, NULL, NULL, NULL),
	(2285, 2, 27, 0, NULL, NULL, 108.905495, 34.159567, NULL, NULL, NULL, NULL, NULL),
	(2286, 3, 26, 0, NULL, NULL, 108.893613, 34.157044, NULL, NULL, NULL, NULL, NULL),
	(2287, 2, 27, 0, NULL, NULL, 108.905495, 34.159567, NULL, NULL, NULL, NULL, NULL),
	(2288, 2, 27, 0, NULL, NULL, 108.905495, 34.159567, NULL, NULL, NULL, NULL, NULL),
	(2289, 2, 27, 0, NULL, NULL, 108.905495, 34.159567, NULL, NULL, NULL, NULL, NULL),
	(2290, 3, 26, 0, NULL, NULL, 108.893613, 34.157044, NULL, NULL, NULL, NULL, NULL),
	(2291, 2, 27, 0, NULL, NULL, 108.905495, 34.159567, NULL, NULL, NULL, NULL, NULL),
	(2292, 2, 27, 0, NULL, NULL, 108.905495, 34.159567, NULL, NULL, NULL, NULL, NULL),
	(2293, 2, 27, 0, NULL, NULL, 108.905495, 34.159567, NULL, NULL, NULL, NULL, NULL),
	(2294, 2, 27, 0, NULL, NULL, 108.905495, 34.159567, NULL, NULL, NULL, NULL, NULL),
	(2295, 2, 27, 0, NULL, NULL, 108.905495, 34.159567, NULL, NULL, NULL, NULL, NULL),
	(2296, 3, 26, 0, NULL, NULL, 108.893613, 34.157044, NULL, NULL, NULL, NULL, NULL),
	(2297, 2, 27, 0, NULL, NULL, 108.905495, 34.159567, NULL, NULL, NULL, NULL, NULL),
	(2298, 2, 27, 0, NULL, NULL, 108.905495, 34.159567, NULL, NULL, NULL, NULL, NULL),
	(2299, 2, 27, 0, NULL, NULL, 108.905495, 34.159567, NULL, NULL, NULL, NULL, NULL),
	(2300, 2, 27, 0, NULL, NULL, 108.905495, 34.159567, NULL, NULL, NULL, NULL, NULL),
	(2301, 2, 27, 0, NULL, NULL, 108.905495, 34.159567, NULL, NULL, NULL, NULL, NULL),
	(2302, 2, 27, 0, NULL, NULL, 108.905495, 34.159567, NULL, NULL, NULL, NULL, NULL),
	(2303, 2, 27, 0, NULL, NULL, 108.905495, 34.159567, NULL, NULL, NULL, NULL, NULL),
	(2304, 2, 27, 0, NULL, NULL, 108.905495, 34.159567, NULL, NULL, NULL, NULL, NULL),
	(2305, 2, 27, 0, NULL, NULL, 108.905495, 34.159567, NULL, NULL, NULL, NULL, NULL),
	(2306, 2, 27, 0, NULL, NULL, 108.905495, 34.159567, NULL, NULL, NULL, NULL, NULL),
	(2307, 3, 26, 0, NULL, NULL, 108.893613, 34.157044, NULL, NULL, NULL, NULL, NULL),
	(2308, 2, 27, 0, NULL, NULL, 108.905495, 34.159567, NULL, NULL, NULL, NULL, NULL),
	(2309, 2, 27, 0, NULL, NULL, 108.905495, 34.159567, NULL, NULL, NULL, NULL, NULL),
	(2310, 2, 27, 0, NULL, NULL, 108.905495, 34.159567, NULL, NULL, NULL, NULL, NULL),
	(2311, 2, 27, 0, NULL, NULL, 108.905495, 34.159567, NULL, NULL, NULL, NULL, NULL),
	(2312, 3, 26, 0, NULL, NULL, 108.893613, 34.157044, NULL, NULL, NULL, NULL, NULL),
	(2313, 3, 26, 0, NULL, NULL, 108.893613, 34.157044, NULL, NULL, NULL, NULL, NULL),
	(2314, 3, 26, 0, NULL, NULL, 108.893613, 34.157044, NULL, NULL, NULL, NULL, NULL),
	(2315, 2, 27, 0, NULL, NULL, 108.905495, 34.159567, NULL, NULL, NULL, NULL, NULL),
	(2316, 2, 27, 0, NULL, NULL, 108.905495, 34.159567, NULL, NULL, NULL, NULL, NULL),
	(2317, 2, 27, 0, NULL, NULL, 108.905495, 34.159567, NULL, NULL, NULL, NULL, NULL),
	(2318, 2, 27, 0, NULL, NULL, 108.905495, 34.159567, NULL, NULL, NULL, NULL, NULL),
	(2319, 2, 27, 0, NULL, NULL, 108.905495, 34.159567, NULL, NULL, NULL, NULL, NULL),
	(2320, 3, 26, 0, NULL, NULL, 108.893613, 34.157044, NULL, NULL, NULL, NULL, NULL),
	(2321, 2, 27, 0, NULL, NULL, 108.905495, 34.159567, NULL, NULL, NULL, NULL, NULL),
	(2322, 2, 27, 0, NULL, NULL, 108.905495, 34.159567, NULL, NULL, NULL, NULL, NULL),
	(2323, 2, 27, 0, NULL, NULL, 108.905495, 34.159567, NULL, NULL, NULL, NULL, NULL),
	(2324, 2, 27, 0, NULL, NULL, 108.905495, 34.159567, NULL, NULL, NULL, NULL, NULL),
	(2325, 2, 27, 0, NULL, NULL, 108.905495, 34.159567, NULL, NULL, NULL, NULL, NULL),
	(2326, 2, 27, 0, NULL, NULL, 108.905495, 34.159567, NULL, NULL, NULL, NULL, NULL),
	(2327, 2, 27, 0, NULL, NULL, 108.905495, 34.159567, NULL, NULL, NULL, NULL, NULL),
	(2328, 2, 27, 0, NULL, NULL, 108.905495, 34.159567, NULL, NULL, NULL, NULL, NULL),
	(2329, 2, 27, 0, NULL, NULL, 108.905495, 34.159567, NULL, NULL, NULL, NULL, NULL),
	(2330, 2, 27, 0, NULL, NULL, 108.905495, 34.159567, NULL, NULL, NULL, NULL, NULL),
	(2331, 3, 26, 0, NULL, NULL, 108.893613, 34.157044, NULL, NULL, NULL, NULL, NULL),
	(2332, 2, 27, 0, NULL, NULL, 108.905495, 34.159567, NULL, NULL, NULL, NULL, NULL),
	(2333, 2, 27, 0, NULL, NULL, 108.905495, 34.159567, NULL, NULL, NULL, NULL, NULL),
	(2334, 2, 27, 0, NULL, NULL, 108.905495, 34.159567, NULL, NULL, NULL, NULL, NULL),
	(2335, 2, 27, 0, NULL, NULL, 108.905495, 34.159567, NULL, NULL, NULL, NULL, NULL),
	(2336, 3, 26, 0, NULL, NULL, 108.893613, 34.157044, NULL, NULL, NULL, NULL, NULL),
	(2337, 3, 26, 0, NULL, NULL, 108.893613, 34.157044, NULL, NULL, NULL, NULL, NULL),
	(2338, 3, 26, 0, NULL, NULL, 108.893613, 34.157044, NULL, NULL, NULL, NULL, NULL),
	(2339, 2, 27, 0, NULL, NULL, 108.905495, 34.159567, NULL, NULL, NULL, NULL, NULL),
	(2340, 2, 27, 0, NULL, NULL, 108.905495, 34.159567, NULL, NULL, NULL, NULL, NULL),
	(2341, 2, 27, 0, NULL, NULL, 108.905495, 34.159567, NULL, NULL, NULL, NULL, NULL),
	(2342, 2, 27, 0, NULL, NULL, 108.905495, 34.159567, NULL, NULL, NULL, NULL, NULL),
	(2343, 2, 27, 0, NULL, NULL, 108.905495, 34.159567, NULL, NULL, NULL, NULL, NULL),
	(2344, 3, 26, 0, NULL, NULL, 108.893613, 34.157044, NULL, NULL, NULL, NULL, NULL),
	(2345, 2, 27, 0, NULL, NULL, 108.905495, 34.159567, NULL, NULL, NULL, NULL, NULL),
	(2346, 2, 27, 0, NULL, NULL, 108.905495, 34.159567, NULL, NULL, NULL, NULL, NULL),
	(2347, 2, 27, 0, NULL, NULL, 108.905495, 34.159567, NULL, NULL, NULL, NULL, NULL),
	(2348, 2, 27, 0, NULL, NULL, 108.905495, 34.159567, NULL, NULL, NULL, NULL, NULL),
	(2349, 2, 27, 0, NULL, NULL, 108.905495, 34.159567, NULL, NULL, NULL, NULL, NULL),
	(2350, 2, 27, 0, NULL, NULL, 108.905495, 34.159567, NULL, NULL, NULL, NULL, NULL),
	(2351, 2, 27, 0, NULL, NULL, 108.905495, 34.159567, NULL, NULL, NULL, NULL, NULL),
	(2352, 2, 27, 0, NULL, NULL, 108.905495, 34.159567, NULL, NULL, NULL, NULL, NULL),
	(2353, 2, 27, 0, NULL, NULL, 108.905495, 34.159567, NULL, NULL, NULL, NULL, NULL),
	(2354, 2, 27, 0, NULL, NULL, 108.905495, 34.159567, NULL, NULL, NULL, NULL, NULL),
	(2355, 3, 26, 0, NULL, NULL, 108.893613, 34.157044, NULL, NULL, NULL, NULL, NULL),
	(2356, 2, 27, 0, NULL, NULL, 108.905495, 34.159567, NULL, NULL, NULL, NULL, NULL),
	(2357, 2, 27, 0, NULL, NULL, 108.905495, 34.159567, NULL, NULL, NULL, NULL, NULL),
	(2358, 2, 27, 0, NULL, NULL, 108.905495, 34.159567, NULL, NULL, NULL, NULL, NULL),
	(2359, 2, 27, 0, NULL, NULL, 108.905495, 34.159567, NULL, NULL, NULL, NULL, NULL),
	(2360, 3, 26, 0, NULL, NULL, 108.893613, 34.157044, NULL, NULL, NULL, NULL, NULL),
	(2361, 3, 26, 0, NULL, NULL, 108.893613, 34.157044, NULL, NULL, NULL, NULL, NULL),
	(2362, 3, 26, 0, NULL, NULL, 108.893613, 34.157044, NULL, NULL, NULL, NULL, NULL),
	(2363, 2, 27, 0, NULL, NULL, 108.905495, 34.159567, NULL, NULL, NULL, NULL, NULL),
	(2364, 2, 27, 0, NULL, NULL, 108.905495, 34.159567, NULL, NULL, NULL, NULL, NULL),
	(2365, 2, 27, 0, NULL, NULL, 108.905495, 34.159567, NULL, NULL, NULL, NULL, NULL),
	(2366, 2, 27, 0, NULL, NULL, 108.905495, 34.159567, NULL, NULL, NULL, NULL, NULL),
	(2367, 2, 27, 0, NULL, NULL, 108.905495, 34.159567, NULL, NULL, NULL, NULL, NULL),
	(2368, 3, 26, 0, NULL, NULL, 108.893613, 34.157044, NULL, NULL, NULL, NULL, NULL),
	(2369, 2, 27, 0, NULL, NULL, 108.905495, 34.159567, NULL, NULL, NULL, NULL, NULL),
	(2370, 2, 27, 0, NULL, NULL, 108.905495, 34.159567, NULL, NULL, NULL, NULL, NULL),
	(2371, 2, 27, 0, NULL, NULL, 108.905495, 34.159567, NULL, NULL, NULL, NULL, NULL),
	(2372, 2, 27, 0, NULL, NULL, 108.905495, 34.159567, NULL, NULL, NULL, NULL, NULL),
	(2373, 2, 27, 0, NULL, NULL, 108.905495, 34.159567, NULL, NULL, NULL, NULL, NULL),
	(2374, 2, 27, 0, NULL, NULL, 108.905495, 34.159567, NULL, NULL, NULL, NULL, NULL),
	(2375, 2, 27, 0, NULL, NULL, 108.905495, 34.159567, NULL, NULL, NULL, NULL, NULL),
	(2376, 2, 27, 0, NULL, NULL, 108.905495, 34.159567, NULL, NULL, NULL, NULL, NULL),
	(2377, 2, 27, 0, NULL, NULL, 108.905495, 34.159567, NULL, NULL, NULL, NULL, NULL),
	(2378, 2, 27, 0, NULL, NULL, 108.905495, 34.159567, NULL, NULL, NULL, NULL, NULL),
	(2379, 3, 26, 0, NULL, NULL, 108.893613, 34.157044, NULL, NULL, NULL, NULL, NULL),
	(2380, 2, 27, 0, NULL, NULL, 108.905495, 34.159567, NULL, NULL, NULL, NULL, NULL),
	(2381, 2, 27, 0, NULL, NULL, 108.905495, 34.159567, NULL, NULL, NULL, NULL, NULL),
	(2382, 2, 27, 0, NULL, NULL, 108.905495, 34.159567, NULL, NULL, NULL, NULL, NULL),
	(2383, 2, 27, 0, NULL, NULL, 108.905495, 34.159567, NULL, NULL, NULL, NULL, NULL),
	(2384, 3, 26, 0, NULL, NULL, 108.893613, 34.157044, NULL, NULL, NULL, NULL, NULL),
	(2385, 3, 26, 0, NULL, NULL, 108.893613, 34.157044, NULL, NULL, NULL, NULL, NULL),
	(2386, 3, 26, 0, NULL, NULL, 108.893613, 34.157044, NULL, NULL, NULL, NULL, NULL),
	(2387, 2, 27, 0, NULL, NULL, 108.905495, 34.159567, NULL, NULL, NULL, NULL, NULL),
	(2388, 2, 27, 0, NULL, NULL, 108.905495, 34.159567, NULL, NULL, NULL, NULL, NULL),
	(2389, 2, 27, 0, NULL, NULL, 108.905495, 34.159567, NULL, NULL, NULL, NULL, NULL),
	(2390, 2, 27, 0, NULL, NULL, 108.905495, 34.159567, NULL, NULL, NULL, NULL, NULL),
	(2391, 2, 27, 0, NULL, NULL, 108.905495, 34.159567, NULL, NULL, NULL, NULL, NULL),
	(2392, 3, 26, 0, NULL, NULL, 108.893613, 34.157044, NULL, NULL, NULL, NULL, NULL),
	(2393, 2, 27, 0, NULL, NULL, 108.905495, 34.159567, NULL, NULL, NULL, NULL, NULL),
	(2394, 2, 27, 0, NULL, NULL, 108.905495, 34.159567, NULL, NULL, NULL, NULL, NULL),
	(2395, 2, 27, 0, NULL, NULL, 108.905495, 34.159567, NULL, NULL, NULL, NULL, NULL),
	(2396, 2, 27, 0, NULL, NULL, 108.905495, 34.159567, NULL, NULL, NULL, NULL, NULL),
	(2397, 2, 27, 0, NULL, NULL, 108.905495, 34.159567, NULL, NULL, NULL, NULL, NULL),
	(2398, 2, 27, 0, NULL, NULL, 108.905495, 34.159567, NULL, NULL, NULL, NULL, NULL),
	(2399, 2, 27, 0, NULL, NULL, 108.905495, 34.159567, NULL, NULL, NULL, NULL, NULL),
	(2400, 2, 27, 0, NULL, NULL, 108.905495, 34.159567, NULL, NULL, NULL, NULL, NULL),
	(2401, 2, 27, 0, NULL, NULL, 108.905495, 34.159567, NULL, NULL, NULL, NULL, NULL),
	(2402, 2, 27, 0, NULL, NULL, 108.905495, 34.159567, NULL, NULL, NULL, NULL, NULL),
	(2403, 3, 26, 0, NULL, NULL, 108.893613, 34.157044, NULL, NULL, NULL, NULL, NULL),
	(2404, 2, 27, 0, NULL, NULL, 108.905495, 34.159567, NULL, NULL, NULL, NULL, NULL),
	(2405, 2, 27, 0, NULL, NULL, 108.905495, 34.159567, NULL, NULL, NULL, NULL, NULL),
	(2406, 2, 27, 0, NULL, NULL, 108.905495, 34.159567, NULL, NULL, NULL, NULL, NULL),
	(2407, 2, 27, 0, NULL, NULL, 108.905495, 34.159567, NULL, NULL, NULL, NULL, NULL),
	(2408, 3, 26, 0, NULL, NULL, 108.893613, 34.157044, NULL, NULL, NULL, NULL, NULL),
	(2409, 3, 26, 0, NULL, NULL, 108.893613, 34.157044, NULL, NULL, NULL, NULL, NULL),
	(2410, 3, 26, 0, NULL, NULL, 108.893613, 34.157044, NULL, NULL, NULL, NULL, NULL),
	(2411, 2, 27, 0, NULL, NULL, 108.905495, 34.159567, NULL, NULL, NULL, NULL, NULL),
	(2412, 2, 27, 0, NULL, NULL, 108.905495, 34.159567, NULL, NULL, NULL, NULL, NULL),
	(2413, 2, 27, 0, NULL, NULL, 108.905495, 34.159567, NULL, NULL, NULL, NULL, NULL),
	(2414, 2, 27, 0, NULL, NULL, 108.905495, 34.159567, NULL, NULL, NULL, NULL, NULL),
	(2415, 2, 27, 0, NULL, NULL, 108.905495, 34.159567, NULL, NULL, NULL, NULL, NULL),
	(2416, 3, 26, 0, NULL, NULL, 108.893613, 34.157044, NULL, NULL, NULL, NULL, NULL),
	(2417, 2, 27, 0, NULL, NULL, 108.905495, 34.159567, NULL, NULL, NULL, NULL, NULL),
	(2418, 2, 27, 0, NULL, NULL, 108.905495, 34.159567, NULL, NULL, NULL, NULL, NULL),
	(2419, 2, 27, 0, NULL, NULL, 108.905495, 34.159567, NULL, NULL, NULL, NULL, NULL),
	(2420, 2, 27, 0, NULL, NULL, 108.905495, 34.159567, NULL, NULL, NULL, NULL, NULL),
	(2421, 2, 27, 0, NULL, NULL, 108.905495, 34.159567, NULL, NULL, NULL, NULL, NULL),
	(2422, 2, 27, 0, NULL, NULL, 108.905495, 34.159567, NULL, NULL, NULL, NULL, NULL),
	(2423, 2, 27, 0, NULL, NULL, 108.905495, 34.159567, NULL, NULL, NULL, NULL, NULL),
	(2424, 2, 27, 0, NULL, NULL, 108.905495, 34.159567, NULL, NULL, NULL, NULL, NULL),
	(2425, 2, 27, 0, NULL, NULL, 108.905495, 34.159567, NULL, NULL, NULL, NULL, NULL),
	(2426, 2, 27, 0, NULL, NULL, 108.905495, 34.159567, NULL, NULL, NULL, NULL, NULL),
	(2427, 3, 26, 0, NULL, NULL, 108.893613, 34.157044, NULL, NULL, NULL, NULL, NULL),
	(2428, 2, 27, 0, NULL, NULL, 108.905495, 34.159567, NULL, NULL, NULL, NULL, NULL),
	(2429, 2, 27, 0, NULL, NULL, 108.905495, 34.159567, NULL, NULL, NULL, NULL, NULL),
	(2430, 2, 27, 0, NULL, NULL, 108.905495, 34.159567, NULL, NULL, NULL, NULL, NULL),
	(2431, 2, 27, 0, NULL, NULL, 108.905495, 34.159567, NULL, NULL, NULL, NULL, NULL),
	(2432, 3, 26, 0, NULL, NULL, 108.893613, 34.157044, NULL, NULL, NULL, NULL, NULL),
	(2433, 3, 26, 0, NULL, NULL, 108.893613, 34.157044, NULL, NULL, NULL, NULL, NULL),
	(2434, 3, 26, 0, NULL, NULL, 108.893613, 34.157044, NULL, NULL, NULL, NULL, NULL),
	(2435, 2, 27, 0, NULL, NULL, 108.905495, 34.159567, NULL, NULL, NULL, NULL, NULL),
	(2436, 2, 27, 0, NULL, NULL, 108.905495, 34.159567, NULL, NULL, NULL, NULL, NULL),
	(2437, 2, 27, 0, NULL, NULL, 108.905495, 34.159567, NULL, NULL, NULL, NULL, NULL),
	(2438, 2, 27, 0, NULL, NULL, 108.905495, 34.159567, NULL, NULL, NULL, NULL, NULL),
	(2439, 2, 27, 0, NULL, NULL, 108.905495, 34.159567, NULL, NULL, NULL, NULL, NULL),
	(2440, 3, 26, 0, NULL, NULL, 108.893613, 34.157044, NULL, NULL, NULL, NULL, NULL),
	(2441, 2, 27, 0, NULL, NULL, 108.905495, 34.159567, NULL, NULL, NULL, NULL, NULL),
	(2442, 2, 27, 0, NULL, NULL, 108.905495, 34.159567, NULL, NULL, NULL, NULL, NULL),
	(2443, 2, 27, 0, NULL, NULL, 108.905495, 34.159567, NULL, NULL, NULL, NULL, NULL),
	(2444, 2, 27, 0, NULL, NULL, 108.905495, 34.159567, NULL, NULL, NULL, NULL, NULL),
	(2445, 2, 27, 0, NULL, NULL, 108.905495, 34.159567, NULL, NULL, NULL, NULL, NULL),
	(2446, 2, 27, 0, NULL, NULL, 108.905495, 34.159567, NULL, NULL, NULL, NULL, NULL),
	(2447, 2, 27, 0, NULL, NULL, 108.905495, 34.159567, NULL, NULL, NULL, NULL, NULL),
	(2448, 2, 27, 0, NULL, NULL, 108.905495, 34.159567, NULL, NULL, NULL, NULL, NULL),
	(2449, 2, 27, 0, NULL, NULL, 108.905495, 34.159567, NULL, NULL, NULL, NULL, NULL),
	(2450, 2, 27, 0, NULL, NULL, 108.905495, 34.159567, NULL, NULL, NULL, NULL, NULL),
	(2451, 3, 26, 0, NULL, NULL, 108.893613, 34.157044, NULL, NULL, NULL, NULL, NULL),
	(2452, 2, 27, 0, NULL, NULL, 108.905495, 34.159567, NULL, NULL, NULL, NULL, NULL),
	(2453, 2, 27, 0, NULL, NULL, 108.905495, 34.159567, NULL, NULL, NULL, NULL, NULL),
	(2454, 2, 27, 0, NULL, NULL, 108.905495, 34.159567, NULL, NULL, NULL, NULL, NULL),
	(2455, 2, 27, 0, NULL, NULL, 108.905495, 34.159567, NULL, NULL, NULL, NULL, NULL),
	(2456, 3, 26, 0, NULL, NULL, 108.893613, 34.157044, NULL, NULL, NULL, NULL, NULL),
	(2457, 3, 26, 0, NULL, NULL, 108.893613, 34.157044, NULL, NULL, NULL, NULL, NULL),
	(2458, 3, 26, 0, NULL, NULL, 108.893613, 34.157044, NULL, NULL, NULL, NULL, NULL),
	(2459, 2, 27, 0, NULL, NULL, 108.905495, 34.159567, NULL, NULL, NULL, NULL, NULL),
	(2460, 2, 27, 0, NULL, NULL, 108.905495, 34.159567, NULL, NULL, NULL, NULL, NULL),
	(2461, 2, 27, 0, NULL, NULL, 108.905495, 34.159567, NULL, NULL, NULL, NULL, NULL),
	(2462, 2, 27, 0, NULL, NULL, 108.905495, 34.159567, NULL, NULL, NULL, NULL, NULL),
	(2463, 2, 27, 0, NULL, NULL, 108.905495, 34.159567, NULL, NULL, NULL, NULL, NULL),
	(2464, 3, 26, 0, NULL, NULL, 108.893613, 34.157044, NULL, NULL, NULL, NULL, NULL),
	(2465, 2, 27, 0, NULL, NULL, 108.905495, 34.159567, NULL, NULL, NULL, NULL, NULL),
	(2466, 2, 27, 0, NULL, NULL, 108.905495, 34.159567, NULL, NULL, NULL, NULL, NULL),
	(2467, 2, 27, 0, NULL, NULL, 108.905495, 34.159567, NULL, NULL, NULL, NULL, NULL),
	(2468, 2, 27, 0, NULL, NULL, 108.905495, 34.159567, NULL, NULL, NULL, NULL, NULL),
	(2469, 2, 27, 0, NULL, NULL, 108.905495, 34.159567, NULL, NULL, NULL, NULL, NULL),
	(2470, 2, 27, 0, NULL, NULL, 108.905495, 34.159567, NULL, NULL, NULL, NULL, NULL),
	(2471, 2, 27, 0, NULL, NULL, 108.905495, 34.159567, NULL, NULL, NULL, NULL, NULL),
	(2472, 2, 27, 0, NULL, NULL, 108.905495, 34.159567, NULL, NULL, NULL, NULL, NULL),
	(2473, 2, 27, 0, NULL, NULL, 108.905495, 34.159567, NULL, NULL, NULL, NULL, NULL),
	(2474, 2, 27, 0, NULL, NULL, 108.905495, 34.159567, NULL, NULL, NULL, NULL, NULL),
	(2475, 3, 26, 0, NULL, NULL, 108.893613, 34.157044, NULL, NULL, NULL, NULL, NULL),
	(2476, 2, 27, 0, NULL, NULL, 108.905495, 34.159567, NULL, NULL, NULL, NULL, NULL),
	(2477, 2, 27, 0, NULL, NULL, 108.905495, 34.159567, NULL, NULL, NULL, NULL, NULL),
	(2478, 2, 27, 0, NULL, NULL, 108.905495, 34.159567, NULL, NULL, NULL, NULL, NULL),
	(2479, 2, 27, 0, NULL, NULL, 108.905495, 34.159567, NULL, NULL, NULL, NULL, NULL),
	(2480, 3, 26, 0, NULL, NULL, 108.893613, 34.157044, NULL, NULL, NULL, NULL, NULL),
	(2481, 3, 26, 0, NULL, NULL, 108.893613, 34.157044, NULL, NULL, NULL, NULL, NULL),
	(2482, 3, 26, 0, NULL, NULL, 108.893613, 34.157044, NULL, NULL, NULL, NULL, NULL),
	(2483, 2, 27, 0, NULL, NULL, 108.905495, 34.159567, NULL, NULL, NULL, NULL, NULL),
	(2484, 2, 27, 0, NULL, NULL, 108.905495, 34.159567, NULL, NULL, NULL, NULL, NULL),
	(2485, 2, 27, 0, NULL, NULL, 108.905495, 34.159567, NULL, NULL, NULL, NULL, NULL),
	(2486, 2, 27, 0, NULL, NULL, 108.905495, 34.159567, NULL, NULL, NULL, NULL, NULL),
	(2487, 2, 27, 0, NULL, NULL, 108.905495, 34.159567, NULL, NULL, NULL, NULL, NULL),
	(2488, 3, 26, 0, NULL, NULL, 108.893613, 34.157044, NULL, NULL, NULL, NULL, NULL),
	(2489, 2, 27, 0, NULL, NULL, 108.905495, 34.159567, NULL, NULL, NULL, NULL, NULL),
	(2490, 2, 27, 0, NULL, NULL, 108.905495, 34.159567, NULL, NULL, NULL, NULL, NULL),
	(2491, 2, 27, 0, NULL, NULL, 108.905495, 34.159567, NULL, NULL, NULL, NULL, NULL),
	(2492, 2, 27, 0, NULL, NULL, 108.905495, 34.159567, NULL, NULL, NULL, NULL, NULL),
	(2493, 2, 27, 0, NULL, NULL, 108.905495, 34.159567, NULL, NULL, NULL, NULL, NULL),
	(2494, 2, 27, 0, NULL, NULL, 108.905495, 34.159567, NULL, NULL, NULL, NULL, NULL),
	(2495, 2, 27, 0, NULL, NULL, 108.905495, 34.159567, NULL, NULL, NULL, NULL, NULL),
	(2496, 2, 27, 0, NULL, NULL, 108.905495, 34.159567, NULL, NULL, NULL, NULL, NULL),
	(2497, 2, 27, 0, NULL, NULL, 108.905495, 34.159567, NULL, NULL, NULL, NULL, NULL),
	(2498, 2, 27, 0, NULL, NULL, 108.905495, 34.159567, NULL, NULL, NULL, NULL, NULL),
	(2499, 3, 26, 0, NULL, NULL, 108.893613, 34.157044, NULL, NULL, NULL, NULL, NULL),
	(2500, 2, 27, 0, NULL, NULL, 108.905495, 34.159567, NULL, NULL, NULL, NULL, NULL),
	(2501, 2, 27, 0, NULL, NULL, 108.905495, 34.159567, NULL, NULL, NULL, NULL, NULL),
	(2502, 2, 27, 0, NULL, NULL, 108.905495, 34.159567, NULL, NULL, NULL, NULL, NULL),
	(2503, 2, 27, 0, NULL, NULL, 108.905495, 34.159567, NULL, NULL, NULL, NULL, NULL),
	(2504, 3, 26, 0, NULL, NULL, 108.893613, 34.157044, NULL, NULL, NULL, NULL, NULL),
	(2505, 3, 26, 0, NULL, NULL, 108.893613, 34.157044, NULL, NULL, NULL, NULL, NULL),
	(2506, 3, 26, 0, NULL, NULL, 108.893613, 34.157044, NULL, NULL, NULL, NULL, NULL),
	(2507, 2, 27, 0, NULL, NULL, 108.905495, 34.159567, NULL, NULL, NULL, NULL, NULL),
	(2508, 2, 27, 0, NULL, NULL, 108.905495, 34.159567, NULL, NULL, NULL, NULL, NULL),
	(2509, 2, 27, 0, NULL, NULL, 108.905495, 34.159567, NULL, NULL, NULL, NULL, NULL),
	(2510, 3, 26, 0, NULL, NULL, 108.893613, 34.157044, NULL, NULL, NULL, NULL, NULL),
	(2511, 2, 27, 0, NULL, NULL, 108.905495, 34.159567, NULL, NULL, NULL, NULL, NULL),
	(2512, 2, 27, 0, NULL, NULL, 108.905495, 34.159567, NULL, NULL, NULL, NULL, NULL),
	(2513, 3, 26, 0, NULL, NULL, 108.893613, 34.157044, NULL, NULL, NULL, NULL, NULL),
	(2514, 2, 27, 0, NULL, NULL, 108.905495, 34.159567, NULL, NULL, NULL, NULL, NULL),
	(2515, 2, 27, 0, NULL, NULL, 108.905495, 34.159567, NULL, NULL, NULL, NULL, NULL),
	(2516, 2, 27, 0, NULL, NULL, 108.905495, 34.159567, NULL, NULL, NULL, NULL, NULL),
	(2517, 2, 27, 0, NULL, NULL, 108.905495, 34.159567, NULL, NULL, NULL, NULL, NULL),
	(2518, 2, 27, 0, NULL, NULL, 108.905495, 34.159567, NULL, NULL, NULL, NULL, NULL),
	(2519, 2, 27, 0, NULL, NULL, 108.905495, 34.159567, NULL, NULL, NULL, NULL, NULL),
	(2520, 2, 27, 0, NULL, NULL, 108.905495, 34.159567, NULL, NULL, NULL, NULL, NULL),
	(2521, 2, 27, 0, NULL, NULL, 108.905495, 34.159567, NULL, NULL, NULL, NULL, NULL),
	(2522, 2, 27, 0, NULL, NULL, 108.905495, 34.159567, NULL, NULL, NULL, NULL, NULL),
	(2523, 2, 27, 0, NULL, NULL, 108.905495, 34.159567, NULL, NULL, NULL, NULL, NULL),
	(2524, 3, 26, 0, NULL, NULL, 108.893613, 34.157044, NULL, NULL, NULL, NULL, NULL),
	(2525, 2, 27, 0, NULL, NULL, 108.905495, 34.159567, NULL, NULL, NULL, NULL, NULL),
	(2526, 2, 27, 0, NULL, NULL, 108.905495, 34.159567, NULL, NULL, NULL, NULL, NULL),
	(2527, 2, 27, 0, NULL, NULL, 108.905495, 34.159567, NULL, NULL, NULL, NULL, NULL),
	(2528, 2, 27, 0, NULL, NULL, 108.905495, 34.159567, NULL, NULL, NULL, NULL, NULL),
	(2529, 3, 26, 0, NULL, NULL, 108.893613, 34.157044, NULL, NULL, NULL, NULL, NULL),
	(2530, 3, 26, 0, NULL, NULL, 108.893613, 34.157044, NULL, NULL, NULL, NULL, NULL),
	(2531, 3, 26, 0, NULL, NULL, 108.893613, 34.157044, NULL, NULL, NULL, NULL, NULL),
	(2532, 2, 27, 0, NULL, NULL, 108.905495, 34.159567, NULL, NULL, NULL, NULL, NULL),
	(2533, 2, 27, 0, NULL, NULL, 108.905495, 34.159567, NULL, NULL, NULL, NULL, NULL),
	(2534, 2, 27, 0, NULL, NULL, 108.905495, 34.159567, NULL, NULL, NULL, NULL, NULL),
	(2535, 3, 26, 0, NULL, NULL, 108.893613, 34.157044, NULL, NULL, NULL, NULL, NULL),
	(2536, 2, 27, 0, NULL, NULL, 108.905495, 34.159567, NULL, NULL, NULL, NULL, NULL),
	(2537, 2, 27, 0, NULL, NULL, 108.905495, 34.159567, NULL, NULL, NULL, NULL, NULL),
	(2538, 3, 26, 0, NULL, NULL, 108.893613, 34.157044, NULL, NULL, NULL, NULL, NULL),
	(2539, 2, 27, 0, NULL, NULL, 108.905495, 34.159567, NULL, NULL, NULL, NULL, NULL),
	(2540, 2, 27, 0, NULL, NULL, 108.905495, 34.159567, NULL, NULL, NULL, NULL, NULL),
	(2541, 2, 27, 0, NULL, NULL, 108.905495, 34.159567, NULL, NULL, NULL, NULL, NULL),
	(2542, 2, 27, 0, NULL, NULL, 108.905495, 34.159567, NULL, NULL, NULL, NULL, NULL),
	(2543, 2, 27, 0, NULL, NULL, 108.905495, 34.159567, NULL, NULL, NULL, NULL, NULL),
	(2544, 2, 27, 0, NULL, NULL, 108.905495, 34.159567, NULL, NULL, NULL, NULL, NULL),
	(2545, 2, 27, 0, NULL, NULL, 108.905495, 34.159567, NULL, NULL, NULL, NULL, NULL),
	(2546, 2, 27, 0, NULL, NULL, 108.905495, 34.159567, NULL, NULL, NULL, NULL, NULL),
	(2547, 2, 27, 0, NULL, NULL, 108.905495, 34.159567, NULL, NULL, NULL, NULL, NULL),
	(2548, 2, 27, 0, NULL, NULL, 108.905495, 34.159567, NULL, NULL, NULL, NULL, NULL),
	(2549, 3, 26, 0, NULL, NULL, 108.893613, 34.157044, NULL, NULL, NULL, NULL, NULL),
	(2550, 2, 27, 0, NULL, NULL, 108.905495, 34.159567, NULL, NULL, NULL, NULL, NULL),
	(2551, 2, 27, 0, NULL, NULL, 108.905495, 34.159567, NULL, NULL, NULL, NULL, NULL),
	(2552, 2, 27, 0, NULL, NULL, 108.905495, 34.159567, NULL, NULL, NULL, NULL, NULL),
	(2553, 2, 27, 0, NULL, NULL, 108.905495, 34.159567, NULL, NULL, NULL, NULL, NULL),
	(2554, 3, 26, 0, NULL, NULL, 108.893613, 34.157044, NULL, NULL, NULL, NULL, NULL),
	(2555, 3, 26, 0, NULL, NULL, 108.893613, 34.157044, NULL, NULL, NULL, NULL, NULL),
	(2556, 3, 26, 0, NULL, NULL, 108.893613, 34.157044, NULL, NULL, NULL, NULL, NULL),
	(2557, 2, 27, 0, NULL, NULL, 108.905495, 34.159567, NULL, NULL, NULL, NULL, NULL),
	(2558, 2, 27, 0, NULL, NULL, 108.905495, 34.159567, NULL, NULL, NULL, NULL, NULL),
	(2559, 2, 27, 0, NULL, NULL, 108.905495, 34.159567, NULL, NULL, NULL, NULL, NULL),
	(2560, 3, 26, 0, NULL, NULL, 108.893613, 34.157044, NULL, NULL, NULL, NULL, NULL),
	(2561, 2, 27, 0, NULL, NULL, 108.905495, 34.159567, NULL, NULL, NULL, NULL, NULL),
	(2562, 2, 27, 0, NULL, NULL, 108.905495, 34.159567, NULL, NULL, NULL, NULL, NULL),
	(2563, 3, 26, 0, NULL, NULL, 108.893613, 34.157044, NULL, NULL, NULL, NULL, NULL),
	(2564, 2, 27, 0, NULL, NULL, 108.905495, 34.159567, NULL, NULL, NULL, NULL, NULL),
	(2565, 2, 27, 0, NULL, NULL, 108.905495, 34.159567, NULL, NULL, NULL, NULL, NULL),
	(2566, 2, 27, 0, NULL, NULL, 108.905495, 34.159567, NULL, NULL, NULL, NULL, NULL),
	(2567, 2, 27, 0, NULL, NULL, 108.905495, 34.159567, NULL, NULL, NULL, NULL, NULL),
	(2568, 2, 27, 0, NULL, NULL, 108.905495, 34.159567, NULL, NULL, NULL, NULL, NULL),
	(2569, 2, 27, 0, NULL, NULL, 108.905495, 34.159567, NULL, NULL, NULL, NULL, NULL),
	(2570, 2, 27, 0, NULL, NULL, 108.905495, 34.159567, NULL, NULL, NULL, NULL, NULL),
	(2571, 2, 27, 0, NULL, NULL, 108.905495, 34.159567, NULL, NULL, NULL, NULL, NULL),
	(2572, 2, 27, 0, NULL, NULL, 108.905495, 34.159567, NULL, NULL, NULL, NULL, NULL),
	(2573, 2, 27, 0, NULL, NULL, 108.905495, 34.159567, NULL, NULL, NULL, NULL, NULL),
	(2574, 3, 26, 0, NULL, NULL, 108.893613, 34.157044, NULL, NULL, NULL, NULL, NULL),
	(2575, 2, 27, 0, NULL, NULL, 108.905495, 34.159567, NULL, NULL, NULL, NULL, NULL),
	(2576, 2, 27, 0, NULL, NULL, 108.905495, 34.159567, NULL, NULL, NULL, NULL, NULL),
	(2577, 2, 27, 0, NULL, NULL, 108.905495, 34.159567, NULL, NULL, NULL, NULL, NULL),
	(2578, 2, 27, 0, NULL, NULL, 108.905495, 34.159567, NULL, NULL, NULL, NULL, NULL),
	(2579, 3, 26, 0, NULL, NULL, 108.893613, 34.157044, NULL, NULL, NULL, NULL, NULL),
	(2580, 3, 26, 0, NULL, NULL, 108.893613, 34.157044, NULL, NULL, NULL, NULL, NULL),
	(2581, 3, 26, 0, NULL, NULL, 108.893613, 34.157044, NULL, NULL, NULL, NULL, NULL),
	(2582, 2, 27, 0, NULL, NULL, 108.905495, 34.159567, NULL, NULL, NULL, NULL, NULL),
	(2583, 2, 27, 0, NULL, NULL, 108.905495, 34.159567, NULL, NULL, NULL, NULL, NULL),
	(2584, 2, 27, 0, NULL, NULL, 108.905495, 34.159567, NULL, NULL, NULL, NULL, NULL),
	(2585, 3, 26, 0, NULL, NULL, 108.893613, 34.157044, NULL, NULL, NULL, NULL, NULL),
	(2586, 2, 27, 0, NULL, NULL, 108.905495, 34.159567, NULL, NULL, NULL, NULL, NULL),
	(2587, 2, 27, 0, NULL, NULL, 108.905495, 34.159567, NULL, NULL, NULL, NULL, NULL),
	(2588, 3, 26, 0, NULL, NULL, 108.893613, 34.157044, NULL, NULL, NULL, NULL, NULL),
	(2589, 2, 27, 0, NULL, NULL, 108.905495, 34.159567, NULL, NULL, NULL, NULL, NULL),
	(2590, 2, 27, 0, NULL, NULL, 108.905495, 34.159567, NULL, NULL, NULL, NULL, NULL),
	(2591, 2, 27, 0, NULL, NULL, 108.905495, 34.159567, NULL, NULL, NULL, NULL, NULL),
	(2592, 2, 27, 0, NULL, NULL, 108.905495, 34.159567, NULL, NULL, NULL, NULL, NULL),
	(2593, 2, 27, 0, NULL, NULL, 108.905495, 34.159567, NULL, NULL, NULL, NULL, NULL),
	(2594, 2, 27, 0, NULL, NULL, 108.905495, 34.159567, NULL, NULL, NULL, NULL, NULL),
	(2595, 2, 27, 0, NULL, NULL, 108.905495, 34.159567, NULL, NULL, NULL, NULL, NULL),
	(2596, 2, 27, 0, NULL, NULL, 108.905495, 34.159567, NULL, NULL, NULL, NULL, NULL),
	(2597, 2, 27, 0, NULL, NULL, 108.905495, 34.159567, NULL, NULL, NULL, NULL, NULL),
	(2598, 2, 27, 0, NULL, NULL, 108.905495, 34.159567, NULL, NULL, NULL, NULL, NULL),
	(2599, 3, 26, 0, NULL, NULL, 108.893613, 34.157044, NULL, NULL, NULL, NULL, NULL),
	(2600, 2, 27, 0, NULL, NULL, 108.905495, 34.159567, NULL, NULL, NULL, NULL, NULL),
	(2601, 2, 27, 0, NULL, NULL, 108.905495, 34.159567, NULL, NULL, NULL, NULL, NULL),
	(2602, 2, 27, 0, NULL, NULL, 108.905495, 34.159567, NULL, NULL, NULL, NULL, NULL),
	(2603, 2, 27, 0, NULL, NULL, 108.905495, 34.159567, NULL, NULL, NULL, NULL, NULL),
	(2604, 3, 26, 0, NULL, NULL, 108.893613, 34.157044, NULL, NULL, NULL, NULL, NULL),
	(2605, 3, 26, 0, NULL, NULL, 108.893613, 34.157044, NULL, NULL, NULL, NULL, NULL),
	(2606, 3, 26, 0, NULL, NULL, 108.893613, 34.157044, NULL, NULL, NULL, NULL, NULL),
	(2607, 2, 27, 0, NULL, NULL, 108.905495, 34.159567, NULL, NULL, NULL, NULL, NULL),
	(2608, 2, 27, 0, NULL, NULL, 108.905495, 34.159567, NULL, NULL, NULL, NULL, NULL),
	(2609, 2, 27, 0, NULL, NULL, 108.905495, 34.159567, NULL, NULL, NULL, NULL, NULL),
	(2610, 3, 26, 0, NULL, NULL, 108.893613, 34.157044, NULL, NULL, NULL, NULL, NULL),
	(2611, 2, 27, 0, NULL, NULL, 108.905495, 34.159567, NULL, NULL, NULL, NULL, NULL),
	(2612, 2, 27, 0, NULL, NULL, 108.905495, 34.159567, NULL, NULL, NULL, NULL, NULL),
	(2613, 3, 26, 0, NULL, NULL, 108.893613, 34.157044, NULL, NULL, NULL, NULL, NULL),
	(2614, 2, 27, 0, NULL, NULL, 108.905495, 34.159567, NULL, NULL, NULL, NULL, NULL),
	(2615, 2, 27, 0, NULL, NULL, 108.905495, 34.159567, NULL, NULL, NULL, NULL, NULL),
	(2616, 2, 27, 0, NULL, NULL, 108.905495, 34.159567, NULL, NULL, NULL, NULL, NULL),
	(2617, 2, 27, 0, NULL, NULL, 108.905495, 34.159567, NULL, NULL, NULL, NULL, NULL),
	(2618, 2, 27, 0, NULL, NULL, 108.905495, 34.159567, NULL, NULL, NULL, NULL, NULL),
	(2619, 2, 27, 0, NULL, NULL, 108.905495, 34.159567, NULL, NULL, NULL, NULL, NULL),
	(2620, 2, 27, 0, NULL, NULL, 108.905495, 34.159567, NULL, NULL, NULL, NULL, NULL),
	(2621, 2, 27, 0, NULL, NULL, 108.905495, 34.159567, NULL, NULL, NULL, NULL, NULL),
	(2622, 2, 27, 0, NULL, NULL, 108.905495, 34.159567, NULL, NULL, NULL, NULL, NULL),
	(2623, 2, 27, 0, NULL, NULL, 108.905495, 34.159567, NULL, NULL, NULL, NULL, NULL),
	(2624, 3, 26, 0, NULL, NULL, 108.893613, 34.157044, NULL, NULL, NULL, NULL, NULL),
	(2625, 2, 27, 0, NULL, NULL, 108.905495, 34.159567, NULL, NULL, NULL, NULL, NULL),
	(2626, 2, 27, 0, NULL, NULL, 108.905495, 34.159567, NULL, NULL, NULL, NULL, NULL),
	(2627, 2, 27, 0, NULL, NULL, 108.905495, 34.159567, NULL, NULL, NULL, NULL, NULL),
	(2628, 2, 27, 0, NULL, NULL, 108.905495, 34.159567, NULL, NULL, NULL, NULL, NULL),
	(2629, 3, 26, 0, NULL, NULL, 108.893613, 34.157044, NULL, NULL, NULL, NULL, NULL),
	(2630, 3, 26, 0, NULL, NULL, 108.893613, 34.157044, NULL, NULL, NULL, NULL, NULL),
	(2631, 3, 26, 0, NULL, NULL, 108.893613, 34.157044, NULL, NULL, NULL, NULL, NULL),
	(2632, 2, 27, 0, NULL, NULL, 108.905495, 34.159567, NULL, NULL, NULL, NULL, NULL),
	(2633, 2, 27, 0, NULL, NULL, 108.905495, 34.159567, NULL, NULL, NULL, NULL, NULL),
	(2634, 2, 27, 0, NULL, NULL, 108.905495, 34.159567, NULL, NULL, NULL, NULL, NULL),
	(2635, 3, 26, 0, NULL, NULL, 108.893613, 34.157044, NULL, NULL, NULL, NULL, NULL),
	(2636, 2, 27, 0, NULL, NULL, 108.905495, 34.159567, NULL, NULL, NULL, NULL, NULL),
	(2637, 2, 27, 0, NULL, NULL, 108.905495, 34.159567, NULL, NULL, NULL, NULL, NULL),
	(2638, 3, 26, 0, NULL, NULL, 108.893613, 34.157044, NULL, NULL, NULL, NULL, NULL),
	(2639, 2, 27, 0, NULL, NULL, 108.905495, 34.159567, NULL, NULL, NULL, NULL, NULL),
	(2640, 2, 27, 0, NULL, NULL, 108.905495, 34.159567, NULL, NULL, NULL, NULL, NULL),
	(2641, 2, 27, 0, NULL, NULL, 108.905495, 34.159567, NULL, NULL, NULL, NULL, NULL),
	(2642, 2, 27, 0, NULL, NULL, 108.905495, 34.159567, NULL, NULL, NULL, NULL, NULL),
	(2643, 2, 27, 0, NULL, NULL, 108.905495, 34.159567, NULL, NULL, NULL, NULL, NULL),
	(2644, 2, 27, 0, NULL, NULL, 108.905495, 34.159567, NULL, NULL, NULL, NULL, NULL),
	(2645, 2, 27, 0, NULL, NULL, 108.905495, 34.159567, NULL, NULL, NULL, NULL, NULL),
	(2646, 2, 27, 0, NULL, NULL, 108.905495, 34.159567, NULL, NULL, NULL, NULL, NULL),
	(2647, 2, 27, 0, NULL, NULL, 108.905495, 34.159567, NULL, NULL, NULL, NULL, NULL),
	(2648, 2, 27, 0, NULL, NULL, 108.905495, 34.159567, NULL, NULL, NULL, NULL, NULL),
	(2649, 3, 26, 0, NULL, NULL, 108.893613, 34.157044, NULL, NULL, NULL, NULL, NULL),
	(2650, 2, 27, 0, NULL, NULL, 108.905495, 34.159567, NULL, NULL, NULL, NULL, NULL),
	(2651, 2, 27, 0, NULL, NULL, 108.905495, 34.159567, NULL, NULL, NULL, NULL, NULL),
	(2652, 2, 27, 0, NULL, NULL, 108.905495, 34.159567, NULL, NULL, NULL, NULL, NULL),
	(2653, 2, 27, 0, NULL, NULL, 108.905495, 34.159567, NULL, NULL, NULL, NULL, NULL),
	(2654, 3, 26, 0, NULL, NULL, 108.893613, 34.157044, NULL, NULL, NULL, NULL, NULL),
	(2655, 3, 26, 0, NULL, NULL, 108.893613, 34.157044, NULL, NULL, NULL, NULL, NULL),
	(2656, 3, 26, 0, NULL, NULL, 108.893613, 34.157044, NULL, NULL, NULL, NULL, NULL),
	(2657, 2, 27, 0, NULL, NULL, 108.905495, 34.159567, NULL, NULL, NULL, NULL, NULL),
	(2658, 2, 27, 0, NULL, NULL, 108.905495, 34.159567, NULL, NULL, NULL, NULL, NULL),
	(2659, 2, 27, 0, NULL, NULL, 108.905495, 34.159567, NULL, NULL, NULL, NULL, NULL),
	(2660, 3, 26, 0, NULL, NULL, 108.893613, 34.157044, NULL, NULL, NULL, NULL, NULL),
	(2661, 2, 27, 0, NULL, NULL, 108.905495, 34.159567, NULL, NULL, NULL, NULL, NULL),
	(2662, 2, 27, 0, NULL, NULL, 108.905495, 34.159567, NULL, NULL, NULL, NULL, NULL),
	(2663, 3, 26, 0, NULL, NULL, 108.893613, 34.157044, NULL, NULL, NULL, NULL, NULL),
	(2664, 2, 27, 0, NULL, NULL, 108.905495, 34.159567, NULL, NULL, NULL, NULL, NULL),
	(2665, 2, 27, 0, NULL, NULL, 108.905495, 34.159567, NULL, NULL, NULL, NULL, NULL),
	(2666, 2, 27, 0, NULL, NULL, 108.905495, 34.159567, NULL, NULL, NULL, NULL, NULL),
	(2667, 2, 27, 0, NULL, NULL, 108.905495, 34.159567, NULL, NULL, NULL, NULL, NULL),
	(2668, 2, 27, 0, NULL, NULL, 108.905495, 34.159567, NULL, NULL, NULL, NULL, NULL),
	(2669, 2, 27, 0, NULL, NULL, 108.905495, 34.159567, NULL, NULL, NULL, NULL, NULL),
	(2670, 2, 27, 0, NULL, NULL, 108.905495, 34.159567, NULL, NULL, NULL, NULL, NULL),
	(2671, 2, 27, 0, NULL, NULL, 108.905495, 34.159567, NULL, NULL, NULL, NULL, NULL),
	(2672, 2, 27, 0, NULL, NULL, 108.905495, 34.159567, NULL, NULL, NULL, NULL, NULL),
	(2673, 2, 27, 0, NULL, NULL, 108.905495, 34.159567, NULL, NULL, NULL, NULL, NULL),
	(2674, 3, 26, 0, NULL, NULL, 108.893613, 34.157044, NULL, NULL, NULL, NULL, NULL),
	(2675, 2, 27, 0, NULL, NULL, 108.905495, 34.159567, NULL, NULL, NULL, NULL, NULL),
	(2676, 2, 27, 0, NULL, NULL, 108.905495, 34.159567, NULL, NULL, NULL, NULL, NULL),
	(2677, 2, 27, 0, NULL, NULL, 108.905495, 34.159567, NULL, NULL, NULL, NULL, NULL),
	(2678, 2, 27, 0, NULL, NULL, 108.905495, 34.159567, NULL, NULL, NULL, NULL, NULL),
	(2679, 3, 26, 0, NULL, NULL, 108.893613, 34.157044, NULL, NULL, NULL, NULL, NULL),
	(2680, 3, 26, 0, NULL, NULL, 108.893613, 34.157044, NULL, NULL, NULL, NULL, NULL),
	(2681, 3, 26, 0, NULL, NULL, 108.893613, 34.157044, NULL, NULL, NULL, NULL, NULL),
	(2682, 2, 27, 0, NULL, NULL, 108.905495, 34.159567, NULL, NULL, NULL, NULL, NULL),
	(2683, 2, 27, 0, NULL, NULL, 108.905495, 34.159567, NULL, NULL, NULL, NULL, NULL),
	(2684, 2, 27, 0, NULL, NULL, 108.905495, 34.159567, NULL, NULL, NULL, NULL, NULL),
	(2685, 3, 26, 0, NULL, NULL, 108.893613, 34.157044, NULL, NULL, NULL, NULL, NULL),
	(2686, 2, 27, 0, NULL, NULL, 108.905495, 34.159567, NULL, NULL, NULL, NULL, NULL),
	(2687, 2, 27, 0, NULL, NULL, 108.905495, 34.159567, NULL, NULL, NULL, NULL, NULL),
	(2688, 3, 26, 0, NULL, NULL, 108.893613, 34.157044, NULL, NULL, NULL, NULL, NULL),
	(2689, 2, 27, 0, NULL, NULL, 108.905495, 34.159567, NULL, NULL, NULL, NULL, NULL),
	(2690, 2, 27, 0, NULL, NULL, 108.905495, 34.159567, NULL, NULL, NULL, NULL, NULL),
	(2691, 2, 27, 0, NULL, NULL, 108.905495, 34.159567, NULL, NULL, NULL, NULL, NULL),
	(2692, 2, 27, 0, NULL, NULL, 108.905495, 34.159567, NULL, NULL, NULL, NULL, NULL),
	(2693, 2, 27, 0, NULL, NULL, 108.905495, 34.159567, NULL, NULL, NULL, NULL, NULL),
	(2694, 2, 27, 0, NULL, NULL, 108.905495, 34.159567, NULL, NULL, NULL, NULL, NULL),
	(2695, 2, 27, 0, NULL, NULL, 108.905495, 34.159567, NULL, NULL, NULL, NULL, NULL),
	(2696, 2, 27, 0, NULL, NULL, 108.905495, 34.159567, NULL, NULL, NULL, NULL, NULL),
	(2697, 2, 27, 0, NULL, NULL, 108.905495, 34.159567, NULL, NULL, NULL, NULL, NULL),
	(2698, 2, 27, 0, NULL, NULL, 108.905495, 34.159567, NULL, NULL, NULL, NULL, NULL),
	(2699, 3, 26, 0, NULL, NULL, 108.893613, 34.157044, NULL, NULL, NULL, NULL, NULL),
	(2700, 2, 27, 0, NULL, NULL, 108.905495, 34.159567, NULL, NULL, NULL, NULL, NULL),
	(2701, 3, 26, 0, NULL, NULL, 108.893613, 34.157044, NULL, NULL, NULL, NULL, NULL),
	(2702, 2, 27, 0, NULL, NULL, 108.905495, 34.159567, NULL, NULL, NULL, NULL, NULL),
	(2703, 2, 27, 0, NULL, NULL, 108.905495, 34.159567, NULL, NULL, NULL, NULL, NULL),
	(2704, 2, 27, 0, NULL, NULL, 108.905495, 34.159567, NULL, NULL, NULL, NULL, NULL),
	(2705, 3, 26, 0, NULL, NULL, 108.893613, 34.157044, NULL, NULL, NULL, NULL, NULL),
	(2706, 2, 27, 0, NULL, NULL, 108.905495, 34.159567, NULL, NULL, NULL, NULL, NULL),
	(2707, 3, 26, 0, NULL, NULL, 108.893613, 34.157044, NULL, NULL, NULL, NULL, NULL),
	(2708, 3, 26, 0, NULL, NULL, 108.893613, 34.157044, NULL, NULL, NULL, NULL, NULL),
	(2709, 2, 27, 0, NULL, NULL, 108.905495, 34.159567, NULL, NULL, NULL, NULL, NULL),
	(2710, 2, 27, 0, NULL, NULL, 108.905495, 34.159567, NULL, NULL, NULL, NULL, NULL),
	(2711, 3, 26, 0, NULL, NULL, 108.893613, 34.157044, NULL, NULL, NULL, NULL, NULL),
	(2712, 2, 27, 0, NULL, NULL, 108.905495, 34.159567, NULL, NULL, NULL, NULL, NULL),
	(2713, 2, 27, 0, NULL, NULL, 108.905495, 34.159567, NULL, NULL, NULL, NULL, NULL),
	(2714, 3, 26, 0, NULL, NULL, 108.893613, 34.157044, NULL, NULL, NULL, NULL, NULL),
	(2715, 2, 27, 0, NULL, NULL, 108.905495, 34.159567, NULL, NULL, NULL, NULL, NULL),
	(2716, 2, 27, 0, NULL, NULL, 108.905495, 34.159567, NULL, NULL, NULL, NULL, NULL),
	(2717, 2, 27, 0, NULL, NULL, 108.905495, 34.159567, NULL, NULL, NULL, NULL, NULL),
	(2718, 2, 27, 0, NULL, NULL, 108.905495, 34.159567, NULL, NULL, NULL, NULL, NULL),
	(2719, 2, 27, 0, NULL, NULL, 108.905495, 34.159567, NULL, NULL, NULL, NULL, NULL),
	(2720, 2, 27, 0, NULL, NULL, 108.905495, 34.159567, NULL, NULL, NULL, NULL, NULL),
	(2721, 2, 27, 0, NULL, NULL, 108.905495, 34.159567, NULL, NULL, NULL, NULL, NULL),
	(2722, 2, 27, 0, NULL, NULL, 108.905495, 34.159567, NULL, NULL, NULL, NULL, NULL),
	(2723, 2, 27, 0, NULL, NULL, 108.905495, 34.159567, NULL, NULL, NULL, NULL, NULL),
	(2724, 2, 27, 0, NULL, NULL, 108.905495, 34.159567, NULL, NULL, NULL, NULL, NULL),
	(2725, 3, 26, 0, NULL, NULL, 108.893613, 34.157044, NULL, NULL, NULL, NULL, NULL),
	(2726, 3, 26, 0, NULL, NULL, 108.893613, 34.157044, NULL, NULL, NULL, NULL, NULL),
	(2727, 2, 27, 0, NULL, NULL, 108.905495, 34.159567, NULL, NULL, NULL, NULL, NULL),
	(2728, 2, 27, 0, NULL, NULL, 108.905495, 34.159567, NULL, NULL, NULL, NULL, NULL),
	(2729, 2, 27, 0, NULL, NULL, 108.905495, 34.159567, NULL, NULL, NULL, NULL, NULL),
	(2730, 2, 27, 0, NULL, NULL, 108.905495, 34.159567, NULL, NULL, NULL, NULL, NULL),
	(2731, 3, 26, 0, NULL, NULL, 108.893613, 34.157044, NULL, NULL, NULL, NULL, NULL),
	(2732, 2, 27, 0, NULL, NULL, 108.905495, 34.159567, NULL, NULL, NULL, NULL, NULL),
	(2733, 3, 26, 0, NULL, NULL, 108.893613, 34.157044, NULL, NULL, NULL, NULL, NULL),
	(2734, 3, 26, 0, NULL, NULL, 108.893613, 34.157044, NULL, NULL, NULL, NULL, NULL),
	(2735, 2, 27, 0, NULL, NULL, 108.905495, 34.159567, NULL, NULL, NULL, NULL, NULL),
	(2736, 2, 27, 0, NULL, NULL, 108.905495, 34.159567, NULL, NULL, NULL, NULL, NULL),
	(2737, 3, 26, 0, NULL, NULL, 108.893613, 34.157044, NULL, NULL, NULL, NULL, NULL),
	(2738, 2, 27, 0, NULL, NULL, 108.905495, 34.159567, NULL, NULL, NULL, NULL, NULL),
	(2739, 2, 27, 0, NULL, NULL, 108.905495, 34.159567, NULL, NULL, NULL, NULL, NULL),
	(2740, 3, 26, 0, NULL, NULL, 108.893613, 34.157044, NULL, NULL, NULL, NULL, NULL),
	(2741, 2, 27, 0, NULL, NULL, 108.905495, 34.159567, NULL, NULL, NULL, NULL, NULL),
	(2742, 2, 27, 0, NULL, NULL, 108.905495, 34.159567, NULL, NULL, NULL, NULL, NULL),
	(2743, 2, 27, 0, NULL, NULL, 108.905495, 34.159567, NULL, NULL, NULL, NULL, NULL),
	(2744, 2, 27, 0, NULL, NULL, 108.905495, 34.159567, NULL, NULL, NULL, NULL, NULL),
	(2745, 2, 27, 0, NULL, NULL, 108.905495, 34.159567, NULL, NULL, NULL, NULL, NULL),
	(2746, 2, 27, 0, NULL, NULL, 108.905495, 34.159567, NULL, NULL, NULL, NULL, NULL),
	(2747, 2, 27, 0, NULL, NULL, 108.905495, 34.159567, NULL, NULL, NULL, NULL, NULL),
	(2748, 2, 27, 0, NULL, NULL, 108.905495, 34.159567, NULL, NULL, NULL, NULL, NULL),
	(2749, 2, 27, 0, NULL, NULL, 108.905495, 34.159567, NULL, NULL, NULL, NULL, NULL),
	(2750, 2, 27, 0, NULL, NULL, 108.905495, 34.159567, NULL, NULL, NULL, NULL, NULL),
	(2751, 3, 26, 0, NULL, NULL, 108.893613, 34.157044, NULL, NULL, NULL, NULL, NULL),
	(2752, 3, 26, 0, NULL, NULL, 108.893613, 34.157044, NULL, NULL, NULL, NULL, NULL),
	(2753, 2, 27, 0, NULL, NULL, 108.905495, 34.159567, NULL, NULL, NULL, NULL, NULL),
	(2754, 2, 27, 0, NULL, NULL, 108.905495, 34.159567, NULL, NULL, NULL, NULL, NULL),
	(2755, 2, 27, 0, NULL, NULL, 108.905495, 34.159567, NULL, NULL, NULL, NULL, NULL),
	(2756, 2, 27, 0, NULL, NULL, 108.905495, 34.159567, NULL, NULL, NULL, NULL, NULL),
	(2757, 3, 26, 0, NULL, NULL, 108.893613, 34.157044, NULL, NULL, NULL, NULL, NULL),
	(2758, 2, 27, 0, NULL, NULL, 108.905495, 34.159567, NULL, NULL, NULL, NULL, NULL),
	(2759, 3, 26, 0, NULL, NULL, 108.893613, 34.157044, NULL, NULL, NULL, NULL, NULL),
	(2760, 3, 26, 0, NULL, NULL, 108.893613, 34.157044, NULL, NULL, NULL, NULL, NULL),
	(2761, 2, 27, 0, NULL, NULL, 108.905495, 34.159567, NULL, NULL, NULL, NULL, NULL),
	(2762, 2, 27, 0, NULL, NULL, 108.905495, 34.159567, NULL, NULL, NULL, NULL, NULL),
	(2763, 3, 26, 0, NULL, NULL, 108.893613, 34.157044, NULL, NULL, NULL, NULL, NULL),
	(2764, 2, 27, 0, NULL, NULL, 108.905495, 34.159567, NULL, NULL, NULL, NULL, NULL),
	(2765, 2, 27, 0, NULL, NULL, 108.905495, 34.159567, NULL, NULL, NULL, NULL, NULL),
	(2766, 3, 26, 0, NULL, NULL, 108.893613, 34.157044, NULL, NULL, NULL, NULL, NULL),
	(2767, 2, 27, 0, NULL, NULL, 108.905495, 34.159567, NULL, NULL, NULL, NULL, NULL),
	(2768, 2, 27, 0, NULL, NULL, 108.905495, 34.159567, NULL, NULL, NULL, NULL, NULL),
	(2769, 2, 27, 0, NULL, NULL, 108.905495, 34.159567, NULL, NULL, NULL, NULL, NULL),
	(2770, 2, 27, 0, NULL, NULL, 108.905495, 34.159567, NULL, NULL, NULL, NULL, NULL),
	(2771, 2, 27, 0, NULL, NULL, 108.905495, 34.159567, NULL, NULL, NULL, NULL, NULL),
	(2772, 2, 27, 0, NULL, NULL, 108.905495, 34.159567, NULL, NULL, NULL, NULL, NULL),
	(2773, 2, 27, 0, NULL, NULL, 108.905495, 34.159567, NULL, NULL, NULL, NULL, NULL),
	(2774, 2, 27, 0, NULL, NULL, 108.905495, 34.159567, NULL, NULL, NULL, NULL, NULL),
	(2775, 2, 27, 0, NULL, NULL, 108.905495, 34.159567, NULL, NULL, NULL, NULL, NULL),
	(2776, 2, 27, 0, NULL, NULL, 108.905495, 34.159567, NULL, NULL, NULL, NULL, NULL),
	(2777, 3, 26, 0, NULL, NULL, 108.893613, 34.157044, NULL, NULL, NULL, NULL, NULL),
	(2778, 3, 26, 0, NULL, NULL, 108.893613, 34.157044, NULL, NULL, NULL, NULL, NULL),
	(2779, 2, 27, 0, NULL, NULL, 108.905495, 34.159567, NULL, NULL, NULL, NULL, NULL),
	(2780, 2, 27, 0, NULL, NULL, 108.905495, 34.159567, NULL, NULL, NULL, NULL, NULL),
	(2781, 2, 27, 0, NULL, NULL, 108.905495, 34.159567, NULL, NULL, NULL, NULL, NULL),
	(2782, 2, 27, 0, NULL, NULL, 108.905495, 34.159567, NULL, NULL, NULL, NULL, NULL),
	(2783, 3, 26, 0, NULL, NULL, 108.893613, 34.157044, NULL, NULL, NULL, NULL, NULL),
	(2784, 2, 27, 0, NULL, NULL, 108.905495, 34.159567, NULL, NULL, NULL, NULL, NULL),
	(2785, 3, 26, 0, NULL, NULL, 108.893613, 34.157044, NULL, NULL, NULL, NULL, NULL),
	(2786, 3, 26, 0, NULL, NULL, 108.893613, 34.157044, NULL, NULL, NULL, NULL, NULL),
	(2787, 2, 27, 0, NULL, NULL, 108.905495, 34.159567, NULL, NULL, NULL, NULL, NULL),
	(2788, 2, 27, 0, NULL, NULL, 108.905495, 34.159567, NULL, NULL, NULL, NULL, NULL),
	(2789, 3, 26, 0, NULL, NULL, 108.893613, 34.157044, NULL, NULL, NULL, NULL, NULL),
	(2790, 2, 27, 0, NULL, NULL, 108.905495, 34.159567, NULL, NULL, NULL, NULL, NULL),
	(2791, 2, 27, 0, NULL, NULL, 108.905495, 34.159567, NULL, NULL, NULL, NULL, NULL),
	(2792, 3, 26, 0, NULL, NULL, 108.893613, 34.157044, NULL, NULL, NULL, NULL, NULL),
	(2793, 2, 27, 0, NULL, NULL, 108.905495, 34.159567, NULL, NULL, NULL, NULL, NULL),
	(2794, 2, 27, 0, NULL, NULL, 108.905495, 34.159567, NULL, NULL, NULL, NULL, NULL),
	(2795, 2, 27, 0, NULL, NULL, 108.905495, 34.159567, NULL, NULL, NULL, NULL, NULL),
	(2796, 2, 27, 0, NULL, NULL, 108.905495, 34.159567, NULL, NULL, NULL, NULL, NULL),
	(2797, 2, 27, 0, NULL, NULL, 108.905495, 34.159567, NULL, NULL, NULL, NULL, NULL),
	(2798, 2, 27, 0, NULL, NULL, 108.905495, 34.159567, NULL, NULL, NULL, NULL, NULL),
	(2799, 2, 27, 0, NULL, NULL, 108.905495, 34.159567, NULL, NULL, NULL, NULL, NULL),
	(2800, 2, 27, 0, NULL, NULL, 108.905495, 34.159567, NULL, NULL, NULL, NULL, NULL),
	(2801, 2, 27, 0, NULL, NULL, 108.905495, 34.159567, NULL, NULL, NULL, NULL, NULL),
	(2802, 2, 27, 0, NULL, NULL, 108.905495, 34.159567, NULL, NULL, NULL, NULL, NULL),
	(2803, 3, 26, 0, NULL, NULL, 108.893613, 34.157044, NULL, NULL, NULL, NULL, NULL),
	(2804, 3, 26, 0, NULL, NULL, 108.893613, 34.157044, NULL, NULL, NULL, NULL, NULL),
	(2805, 2, 27, 0, NULL, NULL, 108.905495, 34.159567, NULL, NULL, NULL, NULL, NULL),
	(2806, 2, 27, 0, NULL, NULL, 108.905495, 34.159567, NULL, NULL, NULL, NULL, NULL),
	(2807, 2, 27, 0, NULL, NULL, 108.905495, 34.159567, NULL, NULL, NULL, NULL, NULL),
	(2808, 2, 27, 0, NULL, NULL, 108.905495, 34.159567, NULL, NULL, NULL, NULL, NULL),
	(2809, 3, 26, 0, NULL, NULL, 108.893613, 34.157044, NULL, NULL, NULL, NULL, NULL),
	(2810, 2, 27, 0, NULL, NULL, 108.905495, 34.159567, NULL, NULL, NULL, NULL, NULL),
	(2811, 3, 26, 0, NULL, NULL, 108.893613, 34.157044, NULL, NULL, NULL, NULL, NULL),
	(2812, 3, 26, 0, NULL, NULL, 108.893613, 34.157044, NULL, NULL, NULL, NULL, NULL),
	(2813, 2, 27, 0, NULL, NULL, 108.905495, 34.159567, NULL, NULL, NULL, NULL, NULL),
	(2814, 2, 27, 0, NULL, NULL, 108.905495, 34.159567, NULL, NULL, NULL, NULL, NULL),
	(2815, 3, 26, 0, NULL, NULL, 108.893613, 34.157044, NULL, NULL, NULL, NULL, NULL),
	(2816, 2, 27, 0, NULL, NULL, 108.905495, 34.159567, NULL, NULL, NULL, NULL, NULL),
	(2817, 2, 27, 0, NULL, NULL, 108.905495, 34.159567, NULL, NULL, NULL, NULL, NULL),
	(2818, 3, 26, 0, NULL, NULL, 108.893613, 34.157044, NULL, NULL, NULL, NULL, NULL),
	(2819, 2, 27, 0, NULL, NULL, 108.905495, 34.159567, NULL, NULL, NULL, NULL, NULL),
	(2820, 2, 27, 0, NULL, NULL, 108.905495, 34.159567, NULL, NULL, NULL, NULL, NULL),
	(2821, 2, 27, 0, NULL, NULL, 108.905495, 34.159567, NULL, NULL, NULL, NULL, NULL),
	(2822, 2, 27, 0, NULL, NULL, 108.905495, 34.159567, NULL, NULL, NULL, NULL, NULL),
	(2823, 2, 27, 0, NULL, NULL, 108.905495, 34.159567, NULL, NULL, NULL, NULL, NULL),
	(2824, 2, 27, 0, NULL, NULL, 108.905495, 34.159567, NULL, NULL, NULL, NULL, NULL),
	(2825, 2, 27, 0, NULL, NULL, 108.905495, 34.159567, NULL, NULL, NULL, NULL, NULL),
	(2826, 2, 27, 0, NULL, NULL, 108.905495, 34.159567, NULL, NULL, NULL, NULL, NULL),
	(2827, 2, 27, 0, NULL, NULL, 108.905495, 34.159567, NULL, NULL, NULL, NULL, NULL),
	(2828, 3, 26, 0, NULL, NULL, 108.893613, 34.157044, NULL, NULL, NULL, NULL, NULL),
	(2829, 2, 27, 0, NULL, NULL, 108.905495, 34.159567, NULL, NULL, NULL, NULL, NULL),
	(2830, 3, 26, 0, NULL, NULL, 108.893613, 34.157044, NULL, NULL, NULL, NULL, NULL),
	(2831, 3, 26, 0, NULL, NULL, 108.893613, 34.157044, NULL, NULL, NULL, NULL, NULL),
	(2832, 2, 27, 0, NULL, NULL, 108.905495, 34.159567, NULL, NULL, NULL, NULL, NULL),
	(2833, 2, 27, 0, NULL, NULL, 108.905495, 34.159567, NULL, NULL, NULL, NULL, NULL),
	(2834, 2, 27, 0, NULL, NULL, 108.905495, 34.159567, NULL, NULL, NULL, NULL, NULL),
	(2835, 2, 27, 0, NULL, NULL, 108.905495, 34.159567, NULL, NULL, NULL, NULL, NULL),
	(2836, 3, 26, 0, NULL, NULL, 108.893613, 34.157044, NULL, NULL, NULL, NULL, NULL),
	(2837, 2, 27, 0, NULL, NULL, 108.905495, 34.159567, NULL, NULL, NULL, NULL, NULL),
	(2838, 3, 26, 0, NULL, NULL, 108.893613, 34.157044, NULL, NULL, NULL, NULL, NULL),
	(2839, 3, 26, 0, NULL, NULL, 108.893613, 34.157044, NULL, NULL, NULL, NULL, NULL),
	(2840, 2, 27, 0, NULL, NULL, 108.905495, 34.159567, NULL, NULL, NULL, NULL, NULL),
	(2841, 2, 27, 0, NULL, NULL, 108.905495, 34.159567, NULL, NULL, NULL, NULL, NULL),
	(2842, 3, 26, 0, NULL, NULL, 108.893613, 34.157044, NULL, NULL, NULL, NULL, NULL),
	(2843, 2, 27, 0, NULL, NULL, 108.905495, 34.159567, NULL, NULL, NULL, NULL, NULL),
	(2844, 2, 27, 0, NULL, NULL, 108.905495, 34.159567, NULL, NULL, NULL, NULL, NULL),
	(2845, 3, 26, 0, NULL, NULL, 108.893613, 34.157044, NULL, NULL, NULL, NULL, NULL),
	(2846, 2, 27, 0, NULL, NULL, 108.905495, 34.159567, NULL, NULL, NULL, NULL, NULL),
	(2847, 2, 27, 0, NULL, NULL, 108.905495, 34.159567, NULL, NULL, NULL, NULL, NULL),
	(2848, 2, 27, 0, NULL, NULL, 108.905495, 34.159567, NULL, NULL, NULL, NULL, NULL),
	(2849, 2, 27, 0, NULL, NULL, 108.905495, 34.159567, NULL, NULL, NULL, NULL, NULL),
	(2850, 2, 27, 0, NULL, NULL, 108.905495, 34.159567, NULL, NULL, NULL, NULL, NULL),
	(2851, 2, 27, 0, NULL, NULL, 108.905495, 34.159567, NULL, NULL, NULL, NULL, NULL),
	(2852, 2, 27, 0, NULL, NULL, 108.905495, 34.159567, NULL, NULL, NULL, NULL, NULL),
	(2853, 2, 27, 0, NULL, NULL, 108.905495, 34.159567, NULL, NULL, NULL, NULL, NULL),
	(2854, 2, 27, 0, NULL, NULL, 108.905495, 34.159567, NULL, NULL, NULL, NULL, NULL),
	(2855, 3, 26, 0, NULL, NULL, 108.893613, 34.157044, NULL, NULL, NULL, NULL, NULL),
	(2856, 2, 27, 0, NULL, NULL, 108.905495, 34.159567, NULL, NULL, NULL, NULL, NULL),
	(2857, 3, 26, 0, NULL, NULL, 108.893613, 34.157044, NULL, NULL, NULL, NULL, NULL),
	(2858, 3, 26, 0, NULL, NULL, 108.893613, 34.157044, NULL, NULL, NULL, NULL, NULL),
	(2859, 2, 27, 0, NULL, NULL, 108.905495, 34.159567, NULL, NULL, NULL, NULL, NULL),
	(2860, 2, 27, 0, NULL, NULL, 108.905495, 34.159567, NULL, NULL, NULL, NULL, NULL),
	(2861, 2, 27, 0, NULL, NULL, 108.905495, 34.159567, NULL, NULL, NULL, NULL, NULL),
	(2862, 2, 27, 0, NULL, NULL, 108.905495, 34.159567, NULL, NULL, NULL, NULL, NULL),
	(2863, 3, 26, 0, NULL, NULL, 108.893613, 34.157044, NULL, NULL, NULL, NULL, NULL),
	(2864, 2, 27, 0, NULL, NULL, 108.905495, 34.159567, NULL, NULL, NULL, NULL, NULL),
	(2865, 3, 26, 0, NULL, NULL, 108.893613, 34.157044, NULL, NULL, NULL, NULL, NULL),
	(2866, 3, 26, 0, NULL, NULL, 108.893613, 34.157044, NULL, NULL, NULL, NULL, NULL),
	(2867, 2, 27, 0, NULL, NULL, 108.905495, 34.159567, NULL, NULL, NULL, NULL, NULL),
	(2868, 2, 27, 0, NULL, NULL, 108.905495, 34.159567, NULL, NULL, NULL, NULL, NULL),
	(2869, 3, 26, 0, NULL, NULL, 108.893613, 34.157044, NULL, NULL, NULL, NULL, NULL),
	(2870, 2, 27, 0, NULL, NULL, 108.905495, 34.159567, NULL, NULL, NULL, NULL, NULL),
	(2871, 2, 27, 0, NULL, NULL, 108.905495, 34.159567, NULL, NULL, NULL, NULL, NULL),
	(2872, 3, 26, 0, NULL, NULL, 108.893613, 34.157044, NULL, NULL, NULL, NULL, NULL),
	(2873, 2, 27, 0, NULL, NULL, 108.905495, 34.159567, NULL, NULL, NULL, NULL, NULL),
	(2874, 2, 27, 0, NULL, NULL, 108.905495, 34.159567, NULL, NULL, NULL, NULL, NULL),
	(2875, 2, 27, 0, NULL, NULL, 108.905495, 34.159567, NULL, NULL, NULL, NULL, NULL),
	(2876, 2, 27, 0, NULL, NULL, 108.905495, 34.159567, NULL, NULL, NULL, NULL, NULL),
	(2877, 2, 27, 0, NULL, NULL, 108.905495, 34.159567, NULL, NULL, NULL, NULL, NULL),
	(2878, 2, 27, 0, NULL, NULL, 108.905495, 34.159567, NULL, NULL, NULL, NULL, NULL),
	(2879, 2, 27, 0, NULL, NULL, 108.905495, 34.159567, NULL, NULL, NULL, NULL, NULL),
	(2880, 2, 27, 0, NULL, NULL, 108.905495, 34.159567, NULL, NULL, NULL, NULL, NULL),
	(2881, 2, 27, 0, NULL, NULL, 108.905495, 34.159567, NULL, NULL, NULL, NULL, NULL),
	(2882, 3, 26, 0, NULL, NULL, 108.893613, 34.157044, NULL, NULL, NULL, NULL, NULL),
	(2883, 2, 27, 0, NULL, NULL, 108.905495, 34.159567, NULL, NULL, NULL, NULL, NULL),
	(2884, 3, 26, 0, NULL, NULL, 108.893613, 34.157044, NULL, NULL, NULL, NULL, NULL),
	(2885, 3, 26, 0, NULL, NULL, 108.893613, 34.157044, NULL, NULL, NULL, NULL, NULL),
	(2886, 2, 27, 0, NULL, NULL, 108.905495, 34.159567, NULL, NULL, NULL, NULL, NULL),
	(2887, 2, 27, 0, NULL, NULL, 108.905495, 34.159567, NULL, NULL, NULL, NULL, NULL),
	(2888, 2, 27, 0, NULL, NULL, 108.905495, 34.159567, NULL, NULL, NULL, NULL, NULL),
	(2889, 2, 27, 0, NULL, NULL, 108.905495, 34.159567, NULL, NULL, NULL, NULL, NULL),
	(2890, 3, 26, 0, NULL, NULL, 108.893613, 34.157044, NULL, NULL, NULL, NULL, NULL),
	(2891, 2, 27, 0, NULL, NULL, 108.905495, 34.159567, NULL, NULL, NULL, NULL, NULL),
	(2892, 3, 26, 0, NULL, NULL, 108.893613, 34.157044, NULL, NULL, NULL, NULL, NULL),
	(2893, 3, 26, 0, NULL, NULL, 108.893613, 34.157044, NULL, NULL, NULL, NULL, NULL),
	(2894, 2, 27, 0, NULL, NULL, 108.905495, 34.159567, NULL, NULL, NULL, NULL, NULL),
	(2895, 2, 27, 0, NULL, NULL, 108.905495, 34.159567, NULL, NULL, NULL, NULL, NULL),
	(2896, 3, 26, 0, NULL, NULL, 108.893613, 34.157044, NULL, NULL, NULL, NULL, NULL),
	(2897, 2, 27, 0, NULL, NULL, 108.905495, 34.159567, NULL, NULL, NULL, NULL, NULL),
	(2898, 2, 27, 0, NULL, NULL, 108.905495, 34.159567, NULL, NULL, NULL, NULL, NULL),
	(2899, 3, 26, 0, NULL, NULL, 108.893613, 34.157044, NULL, NULL, NULL, NULL, NULL),
	(2900, 2, 27, 0, NULL, NULL, 108.905495, 34.159567, NULL, NULL, NULL, NULL, NULL),
	(2901, 2, 27, 0, NULL, NULL, 108.905495, 34.159567, NULL, NULL, NULL, NULL, NULL),
	(2902, 2, 27, 0, NULL, NULL, 108.905495, 34.159567, NULL, NULL, NULL, NULL, NULL),
	(2903, 2, 27, 0, NULL, NULL, 108.905495, 34.159567, NULL, NULL, NULL, NULL, NULL),
	(2904, 2, 27, 0, NULL, NULL, 108.905495, 34.159567, NULL, NULL, NULL, NULL, NULL),
	(2905, 2, 27, 0, NULL, NULL, 108.905495, 34.159567, NULL, NULL, NULL, NULL, NULL),
	(2906, 2, 27, 0, NULL, NULL, 108.905495, 34.159567, NULL, NULL, NULL, NULL, NULL),
	(2907, 2, 27, 0, NULL, NULL, 108.905495, 34.159567, NULL, NULL, NULL, NULL, NULL),
	(2908, 2, 27, 0, NULL, NULL, 108.905495, 34.159567, NULL, NULL, NULL, NULL, NULL),
	(2909, 3, 26, 0, NULL, NULL, 108.893613, 34.157044, NULL, NULL, NULL, NULL, NULL),
	(2910, 2, 27, 0, NULL, NULL, 108.905495, 34.159567, NULL, NULL, NULL, NULL, NULL),
	(2911, 3, 26, 0, NULL, NULL, 108.893613, 34.157044, NULL, NULL, NULL, NULL, NULL),
	(2912, 3, 26, 0, NULL, NULL, 108.893613, 34.157044, NULL, NULL, NULL, NULL, NULL),
	(2913, 2, 27, 0, NULL, NULL, 108.905495, 34.159567, NULL, NULL, NULL, NULL, NULL),
	(2914, 2, 27, 0, NULL, NULL, 108.905495, 34.159567, NULL, NULL, NULL, NULL, NULL),
	(2915, 2, 27, 0, NULL, NULL, 108.905495, 34.159567, NULL, NULL, NULL, NULL, NULL),
	(2916, 2, 27, 0, NULL, NULL, 108.905495, 34.159567, NULL, NULL, NULL, NULL, NULL),
	(2917, 2, 27, 0, NULL, NULL, 108.905495, 34.159567, NULL, NULL, NULL, NULL, NULL),
	(2918, 3, 26, 0, NULL, NULL, 108.893613, 34.157044, NULL, NULL, NULL, NULL, NULL),
	(2919, 3, 26, 0, NULL, NULL, 108.893613, 34.157044, NULL, NULL, NULL, NULL, NULL),
	(2920, 2, 27, 0, NULL, NULL, 108.905495, 34.159567, NULL, NULL, NULL, NULL, NULL),
	(2921, 2, 27, 0, NULL, NULL, 108.905495, 34.159567, NULL, NULL, NULL, NULL, NULL),
	(2922, 2, 27, 0, NULL, NULL, 108.905495, 34.159567, NULL, NULL, NULL, NULL, NULL),
	(2923, 3, 26, 0, NULL, NULL, 108.893613, 34.157044, NULL, NULL, NULL, NULL, NULL),
	(2924, 2, 27, 0, NULL, NULL, 108.905495, 34.159567, NULL, NULL, NULL, NULL, NULL),
	(2925, 2, 27, 0, NULL, NULL, 108.905495, 34.159567, NULL, NULL, NULL, NULL, NULL),
	(2926, 3, 26, 0, NULL, NULL, 108.893613, 34.157044, NULL, NULL, NULL, NULL, NULL),
	(2927, 2, 27, 0, NULL, NULL, 108.905495, 34.159567, NULL, NULL, NULL, NULL, NULL),
	(2928, 2, 27, 0, NULL, NULL, 108.905495, 34.159567, NULL, NULL, NULL, NULL, NULL),
	(2929, 2, 27, 0, NULL, NULL, 108.905495, 34.159567, NULL, NULL, NULL, NULL, NULL),
	(2930, 2, 27, 0, NULL, NULL, 108.905495, 34.159567, NULL, NULL, NULL, NULL, NULL),
	(2931, 2, 27, 0, NULL, NULL, 108.905495, 34.159567, NULL, NULL, NULL, NULL, NULL),
	(2932, 2, 27, 0, NULL, NULL, 108.905495, 34.159567, NULL, NULL, NULL, NULL, NULL),
	(2933, 2, 27, 0, NULL, NULL, 108.905495, 34.159567, NULL, NULL, NULL, NULL, NULL),
	(2934, 2, 27, 0, NULL, NULL, 108.905495, 34.159567, NULL, NULL, NULL, NULL, NULL),
	(2935, 2, 27, 0, NULL, NULL, 108.905495, 34.159567, NULL, NULL, NULL, NULL, NULL),
	(2936, 3, 26, 0, NULL, NULL, 108.893613, 34.157044, NULL, NULL, NULL, NULL, NULL),
	(2937, 2, 27, 0, NULL, NULL, 108.905495, 34.159567, NULL, NULL, NULL, NULL, NULL),
	(2938, 3, 26, 0, NULL, NULL, 108.893613, 34.157044, NULL, NULL, NULL, NULL, NULL),
	(2939, 3, 26, 0, NULL, NULL, 108.893613, 34.157044, NULL, NULL, NULL, NULL, NULL),
	(2940, 2, 27, 0, NULL, NULL, 108.905495, 34.159567, NULL, NULL, NULL, NULL, NULL),
	(2941, 2, 27, 0, NULL, NULL, 108.905495, 34.159567, NULL, NULL, NULL, NULL, NULL),
	(2942, 2, 27, 0, NULL, NULL, 108.905495, 34.159567, NULL, NULL, NULL, NULL, NULL),
	(2943, 2, 27, 0, NULL, NULL, 108.905495, 34.159567, NULL, NULL, NULL, NULL, NULL),
	(2944, 2, 27, 0, NULL, NULL, 108.905495, 34.159567, NULL, NULL, NULL, NULL, NULL),
	(2945, 3, 26, 0, NULL, NULL, 108.893613, 34.157044, NULL, NULL, NULL, NULL, NULL),
	(2946, 2, 27, 0, NULL, NULL, 108.905495, 34.159567, NULL, NULL, NULL, NULL, NULL),
	(2947, 3, 26, 0, NULL, NULL, 108.893613, 34.157044, NULL, NULL, NULL, NULL, NULL),
	(2948, 3, 26, 0, NULL, NULL, 108.893613, 34.157044, NULL, NULL, NULL, NULL, NULL),
	(2949, 2, 27, 0, NULL, NULL, 108.905495, 34.159567, NULL, NULL, NULL, NULL, NULL),
	(2950, 2, 27, 0, NULL, NULL, 108.905495, 34.159567, NULL, NULL, NULL, NULL, NULL),
	(2951, 3, 26, 0, NULL, NULL, 108.893613, 34.157044, NULL, NULL, NULL, NULL, NULL),
	(2952, 2, 27, 0, NULL, NULL, 108.905495, 34.159567, NULL, NULL, NULL, NULL, NULL),
	(2953, 2, 27, 0, NULL, NULL, 108.905495, 34.159567, NULL, NULL, NULL, NULL, NULL),
	(2954, 3, 26, 0, NULL, NULL, 108.893613, 34.157044, NULL, NULL, NULL, NULL, NULL),
	(2955, 2, 27, 0, NULL, NULL, 108.905495, 34.159567, NULL, NULL, NULL, NULL, NULL),
	(2956, 2, 27, 0, NULL, NULL, 108.905495, 34.159567, NULL, NULL, NULL, NULL, NULL),
	(2957, 2, 27, 0, NULL, NULL, 108.905495, 34.159567, NULL, NULL, NULL, NULL, NULL),
	(2958, 2, 27, 0, NULL, NULL, 108.905495, 34.159567, NULL, NULL, NULL, NULL, NULL),
	(2959, 2, 27, 0, NULL, NULL, 108.905495, 34.159567, NULL, NULL, NULL, NULL, NULL),
	(2960, 2, 27, 0, NULL, NULL, 108.905495, 34.159567, NULL, NULL, NULL, NULL, NULL),
	(2961, 2, 27, 0, NULL, NULL, 108.905495, 34.159567, NULL, NULL, NULL, NULL, NULL),
	(2962, 2, 27, 0, NULL, NULL, 108.905495, 34.159567, NULL, NULL, NULL, NULL, NULL),
	(2963, 2, 27, 0, NULL, NULL, 108.905495, 34.159567, NULL, NULL, NULL, NULL, NULL),
	(2964, 3, 26, 0, NULL, NULL, 108.893613, 34.157044, NULL, NULL, NULL, NULL, NULL),
	(2965, 2, 27, 0, NULL, NULL, 108.905495, 34.159567, NULL, NULL, NULL, NULL, NULL),
	(2966, 3, 26, 0, NULL, NULL, 108.893613, 34.157044, NULL, NULL, NULL, NULL, NULL),
	(2967, 3, 26, 0, NULL, NULL, 108.893613, 34.157044, NULL, NULL, NULL, NULL, NULL),
	(2968, 2, 27, 0, NULL, NULL, 108.905495, 34.159567, NULL, NULL, NULL, NULL, NULL),
	(2969, 2, 27, 0, NULL, NULL, 108.905495, 34.159567, NULL, NULL, NULL, NULL, NULL),
	(2970, 2, 27, 0, NULL, NULL, 108.905495, 34.159567, NULL, NULL, NULL, NULL, NULL),
	(2971, 2, 27, 0, NULL, NULL, 108.905495, 34.159567, NULL, NULL, NULL, NULL, NULL),
	(2972, 2, 27, 0, NULL, NULL, 108.905495, 34.159567, NULL, NULL, NULL, NULL, NULL),
	(2973, 3, 26, 0, NULL, NULL, 108.893613, 34.157044, NULL, NULL, NULL, NULL, NULL),
	(2974, 2, 27, 0, NULL, NULL, 108.905495, 34.159567, NULL, NULL, NULL, NULL, NULL),
	(2975, 3, 26, 0, NULL, NULL, 108.893613, 34.157044, NULL, NULL, NULL, NULL, NULL),
	(2976, 3, 26, 0, NULL, NULL, 108.893613, 34.157044, NULL, NULL, NULL, NULL, NULL),
	(2977, 2, 27, 0, NULL, NULL, 108.905495, 34.159567, NULL, NULL, NULL, NULL, NULL),
	(2978, 2, 27, 0, NULL, NULL, 108.905495, 34.159567, NULL, NULL, NULL, NULL, NULL),
	(2979, 3, 26, 0, NULL, NULL, 108.893613, 34.157044, NULL, NULL, NULL, NULL, NULL),
	(2980, 2, 27, 0, NULL, NULL, 108.905495, 34.159567, NULL, NULL, NULL, NULL, NULL),
	(2981, 2, 27, 0, NULL, NULL, 108.905495, 34.159567, NULL, NULL, NULL, NULL, NULL),
	(2982, 3, 26, 0, NULL, NULL, 108.893613, 34.157044, NULL, NULL, NULL, NULL, NULL),
	(2983, 2, 27, 0, NULL, NULL, 108.905495, 34.159567, NULL, NULL, NULL, NULL, NULL),
	(2984, 2, 27, 0, NULL, NULL, 108.905495, 34.159567, NULL, NULL, NULL, NULL, NULL),
	(2985, 2, 27, 0, NULL, NULL, 108.905495, 34.159567, NULL, NULL, NULL, NULL, NULL),
	(2986, 2, 27, 0, NULL, NULL, 108.905495, 34.159567, NULL, NULL, NULL, NULL, NULL),
	(2987, 2, 27, 0, NULL, NULL, 108.905495, 34.159567, NULL, NULL, NULL, NULL, NULL),
	(2988, 2, 27, 0, NULL, NULL, 108.905495, 34.159567, NULL, NULL, NULL, NULL, NULL),
	(2989, 2, 27, 0, NULL, NULL, 108.905495, 34.159567, NULL, NULL, NULL, NULL, NULL),
	(2990, 2, 27, 0, NULL, NULL, 108.905495, 34.159567, NULL, NULL, NULL, NULL, NULL),
	(2991, 2, 27, 0, NULL, NULL, 108.905495, 34.159567, NULL, NULL, NULL, NULL, NULL),
	(2992, 3, 26, 0, NULL, NULL, 108.893613, 34.157044, NULL, NULL, NULL, NULL, NULL),
	(2993, 2, 27, 0, NULL, NULL, 108.905495, 34.159567, NULL, NULL, NULL, NULL, NULL),
	(2994, 3, 26, 0, NULL, NULL, 108.893613, 34.157044, NULL, NULL, NULL, NULL, NULL),
	(2995, 2, 27, 0, NULL, NULL, 108.905495, 34.159567, NULL, NULL, NULL, NULL, NULL),
	(2996, 3, 26, 0, NULL, NULL, 108.893613, 34.157044, NULL, NULL, NULL, NULL, NULL),
	(2997, 2, 27, 0, NULL, NULL, 108.905495, 34.159567, NULL, NULL, NULL, NULL, NULL),
	(2998, 2, 27, 0, NULL, NULL, 108.905495, 34.159567, NULL, NULL, NULL, NULL, NULL),
	(2999, 2, 27, 0, NULL, NULL, 108.905495, 34.159567, NULL, NULL, NULL, NULL, NULL),
	(3000, 2, 27, 0, NULL, NULL, 108.905495, 34.159567, NULL, NULL, NULL, NULL, NULL),
	(3001, 3, 26, 0, NULL, NULL, 108.893613, 34.157044, NULL, NULL, NULL, NULL, NULL),
	(3002, 2, 27, 0, NULL, NULL, 108.905495, 34.159567, NULL, NULL, NULL, NULL, NULL),
	(3003, 3, 26, 0, NULL, NULL, 108.893613, 34.157044, NULL, NULL, NULL, NULL, NULL),
	(3004, 3, 26, 0, NULL, NULL, 108.893613, 34.157044, NULL, NULL, NULL, NULL, NULL),
	(3005, 2, 27, 0, NULL, NULL, 108.905495, 34.159567, NULL, NULL, NULL, NULL, NULL),
	(3006, 2, 27, 0, NULL, NULL, 108.905495, 34.159567, NULL, NULL, NULL, NULL, NULL),
	(3007, 3, 26, 0, NULL, NULL, 108.893613, 34.157044, NULL, NULL, NULL, NULL, NULL),
	(3008, 2, 27, 0, NULL, NULL, 108.905495, 34.159567, NULL, NULL, NULL, NULL, NULL),
	(3009, 2, 27, 0, NULL, NULL, 108.905495, 34.159567, NULL, NULL, NULL, NULL, NULL),
	(3010, 3, 26, 0, NULL, NULL, 108.893613, 34.157044, NULL, NULL, NULL, NULL, NULL),
	(3011, 2, 27, 0, NULL, NULL, 108.905495, 34.159567, NULL, NULL, NULL, NULL, NULL),
	(3012, 2, 27, 0, NULL, NULL, 108.905495, 34.159567, NULL, NULL, NULL, NULL, NULL),
	(3013, 2, 27, 0, NULL, NULL, 108.905495, 34.159567, NULL, NULL, NULL, NULL, NULL),
	(3014, 2, 27, 0, NULL, NULL, 108.905495, 34.159567, NULL, NULL, NULL, NULL, NULL),
	(3015, 2, 27, 0, NULL, NULL, 108.905495, 34.159567, NULL, NULL, NULL, NULL, NULL),
	(3016, 2, 27, 0, NULL, NULL, 108.905495, 34.159567, NULL, NULL, NULL, NULL, NULL),
	(3017, 2, 27, 0, NULL, NULL, 108.905495, 34.159567, NULL, NULL, NULL, NULL, NULL),
	(3018, 2, 27, 0, NULL, NULL, 108.905495, 34.159567, NULL, NULL, NULL, NULL, NULL),
	(3019, 2, 27, 0, NULL, NULL, 108.905495, 34.159567, NULL, NULL, NULL, NULL, NULL),
	(3020, 3, 26, 0, NULL, NULL, 108.893613, 34.157044, NULL, NULL, NULL, NULL, NULL),
	(3021, 2, 27, 0, NULL, NULL, 108.905495, 34.159567, NULL, NULL, NULL, NULL, NULL),
	(3022, 3, 26, 0, NULL, NULL, 108.893613, 34.157044, NULL, NULL, NULL, NULL, NULL),
	(3023, 3, 26, 0, NULL, NULL, 108.897297, 34.154282, NULL, NULL, NULL, NULL, NULL),
	(3024, 3, 26, 0, NULL, NULL, 108.897297, 34.154282, NULL, NULL, NULL, NULL, NULL),
	(3025, 3, 26, 0, NULL, NULL, 108.897297, 34.154282, NULL, NULL, NULL, NULL, NULL),
	(3026, 3, 26, 0, NULL, NULL, 108.897297, 34.154282, NULL, NULL, NULL, NULL, NULL),
	(3027, 3, 26, 0, NULL, NULL, 108.897297, 34.154282, NULL, NULL, NULL, NULL, NULL),
	(3028, 3, 26, 0, NULL, NULL, 108.897297, 34.154282, NULL, NULL, NULL, NULL, NULL),
	(3029, 3, 26, 0, NULL, NULL, 108.897297, 34.154282, NULL, NULL, NULL, NULL, NULL),
	(3030, 3, 26, 0, NULL, NULL, 108.897297, 34.154282, NULL, NULL, NULL, NULL, NULL),
	(3031, 3, 26, 0, NULL, NULL, 108.897297, 34.154282, NULL, NULL, NULL, NULL, NULL),
	(3032, 3, 26, 0, NULL, NULL, 108.897297, 34.154282, NULL, NULL, NULL, NULL, NULL),
	(3033, 3, 26, 0, NULL, NULL, 108.897297, 34.154282, NULL, NULL, NULL, NULL, NULL),
	(3034, 3, 26, 0, NULL, NULL, 108.897297, 34.154282, NULL, NULL, NULL, NULL, NULL),
	(3035, 3, 26, 0, NULL, NULL, 108.897297, 34.154282, NULL, NULL, NULL, NULL, NULL),
	(3036, 3, 26, 0, NULL, NULL, 108.897297, 34.154282, NULL, NULL, NULL, NULL, NULL),
	(3037, 3, 26, 0, NULL, NULL, 108.897297, 34.154282, NULL, NULL, NULL, NULL, NULL),
	(3038, 3, 26, 0, NULL, NULL, 108.897297, 34.154282, NULL, NULL, NULL, NULL, NULL),
	(3039, 3, 26, 0, NULL, NULL, 108.897297, 34.154282, NULL, NULL, NULL, NULL, NULL),
	(3040, 3, 26, 0, NULL, NULL, 108.897297, 34.154282, NULL, NULL, NULL, NULL, NULL),
	(3041, 3, 26, 0, NULL, NULL, 108.897297, 34.154282, NULL, NULL, NULL, NULL, NULL),
	(3042, 3, 26, 0, NULL, NULL, 108.897297, 34.154282, NULL, NULL, NULL, NULL, NULL),
	(3043, 3, 26, 0, NULL, NULL, 108.897297, 34.154282, NULL, NULL, NULL, NULL, NULL),
	(3044, 3, 26, 0, NULL, NULL, 108.897297, 34.154282, NULL, NULL, NULL, NULL, NULL),
	(3045, 2, 27, 0, NULL, NULL, 108.905495, 34.159567, NULL, NULL, NULL, NULL, NULL),
	(3046, 2, 27, 0, NULL, NULL, 108.905495, 34.159567, NULL, NULL, NULL, NULL, NULL),
	(3047, 2, 27, 0, NULL, NULL, 108.905495, 34.159567, NULL, NULL, NULL, NULL, NULL),
	(3048, 2, 27, 0, NULL, NULL, 108.905495, 34.159567, NULL, NULL, NULL, NULL, NULL),
	(3049, 2, 27, 0, NULL, NULL, 108.905495, 34.159567, NULL, NULL, NULL, NULL, NULL),
	(3050, 2, 27, 0, NULL, NULL, 108.905495, 34.159567, NULL, NULL, NULL, NULL, NULL),
	(3051, 2, 27, 0, NULL, NULL, 108.905495, 34.159567, NULL, NULL, NULL, NULL, NULL),
	(3052, 3, 26, 0, NULL, NULL, 108.897297, 34.154282, NULL, NULL, NULL, NULL, NULL),
	(3053, 3, 26, 0, NULL, NULL, 108.897297, 34.154282, NULL, NULL, NULL, NULL, NULL),
	(3054, 3, 26, 0, NULL, NULL, 108.897297, 34.154282, NULL, NULL, NULL, NULL, NULL),
	(3055, 3, 26, 0, NULL, NULL, 108.897297, 34.154282, NULL, NULL, NULL, NULL, NULL),
	(3056, 3, 26, 0, NULL, NULL, 108.897297, 34.154282, NULL, NULL, NULL, NULL, NULL),
	(3057, 3, 26, 0, NULL, NULL, 108.897297, 34.154282, NULL, NULL, NULL, NULL, NULL),
	(3058, 3, 26, 0, NULL, NULL, 108.897297, 34.154282, NULL, NULL, NULL, NULL, NULL),
	(3059, 3, 26, 0, NULL, NULL, 108.897297, 34.154282, NULL, NULL, NULL, NULL, NULL),
	(3060, 3, 26, 0, NULL, NULL, 108.897297, 34.154282, NULL, NULL, NULL, NULL, NULL),
	(3061, 3, 26, 0, NULL, NULL, 108.897297, 34.154282, NULL, NULL, NULL, NULL, NULL),
	(3062, 3, 26, 0, NULL, NULL, 108.897297, 34.154282, NULL, NULL, NULL, NULL, NULL),
	(3063, 3, 26, 0, NULL, NULL, 108.897297, 34.154282, NULL, NULL, NULL, NULL, NULL),
	(3064, 3, 26, 0, NULL, NULL, 108.897297, 34.154282, NULL, NULL, NULL, NULL, NULL),
	(3065, 3, 26, 0, NULL, NULL, 108.897297, 34.154282, NULL, NULL, NULL, NULL, NULL),
	(3066, 3, 26, 0, NULL, NULL, 108.897297, 34.154282, NULL, NULL, NULL, NULL, NULL),
	(3067, 3, 26, 0, NULL, NULL, 108.897297, 34.154282, NULL, NULL, NULL, NULL, NULL),
	(3068, 3, 26, 0, NULL, NULL, 108.897297, 34.154282, NULL, NULL, NULL, NULL, NULL),
	(3069, 3, 26, 0, NULL, NULL, 108.897297, 34.154282, NULL, NULL, NULL, NULL, NULL),
	(3070, 3, 26, 0, NULL, NULL, 108.897297, 34.154282, NULL, NULL, NULL, NULL, NULL),
	(3071, 2, 27, 0, NULL, NULL, 108.905495, 34.159567, NULL, NULL, NULL, NULL, NULL),
	(3072, 2, 27, 0, NULL, NULL, 108.905495, 34.159567, NULL, NULL, NULL, NULL, NULL),
	(3073, 3, 26, 0, NULL, NULL, 108.897297, 34.154282, NULL, NULL, NULL, NULL, NULL),
	(3074, 3, 26, 0, NULL, NULL, 108.897297, 34.154282, NULL, NULL, NULL, NULL, NULL),
	(3075, 3, 26, 0, NULL, NULL, 108.897297, 34.154282, NULL, NULL, NULL, NULL, NULL),
	(3076, 3, 26, 0, NULL, NULL, 108.897297, 34.154282, NULL, NULL, NULL, NULL, NULL),
	(3077, 3, 26, 0, NULL, NULL, 108.897297, 34.154282, NULL, NULL, NULL, NULL, NULL),
	(3078, 3, 26, 0, NULL, NULL, 108.897297, 34.154282, NULL, NULL, NULL, NULL, NULL),
	(3079, 3, 26, 0, NULL, NULL, 108.897297, 34.154282, NULL, NULL, NULL, NULL, NULL),
	(3080, 3, 26, 0, NULL, NULL, 108.897297, 34.154282, NULL, NULL, NULL, NULL, NULL),
	(3081, 3, 26, 0, NULL, NULL, 108.897297, 34.154282, NULL, NULL, NULL, NULL, NULL),
	(3082, 3, 26, 0, NULL, NULL, 108.897297, 34.154282, NULL, NULL, NULL, NULL, NULL),
	(3083, 3, 26, 0, NULL, NULL, 108.897297, 34.154282, NULL, NULL, NULL, NULL, NULL),
	(3084, 3, 26, 0, NULL, NULL, 108.897297, 34.154282, NULL, NULL, NULL, NULL, NULL),
	(3085, 3, 26, 0, NULL, NULL, 108.897297, 34.154282, NULL, NULL, NULL, NULL, NULL),
	(3086, 3, 26, 0, NULL, NULL, 108.897297, 34.154282, NULL, NULL, NULL, NULL, NULL),
	(3087, 3, 26, 0, NULL, NULL, 108.897297, 34.154282, NULL, NULL, NULL, NULL, NULL),
	(3088, 3, 26, 0, NULL, NULL, 108.897297, 34.154282, NULL, NULL, NULL, NULL, NULL),
	(3089, 3, 26, 0, NULL, NULL, 108.897297, 34.154282, NULL, NULL, NULL, NULL, NULL),
	(3090, 3, 26, 0, NULL, NULL, 108.897297, 34.154282, NULL, NULL, NULL, NULL, NULL),
	(3091, 3, 26, 0, NULL, NULL, 108.897297, 34.154282, NULL, NULL, NULL, NULL, NULL),
	(3092, 3, 26, 0, NULL, NULL, 108.897297, 34.154282, NULL, NULL, NULL, NULL, NULL),
	(3093, 3, 26, 0, NULL, NULL, 108.897297, 34.154282, NULL, NULL, NULL, NULL, NULL),
	(3094, 3, 26, 0, NULL, NULL, 108.897297, 34.154282, NULL, NULL, NULL, NULL, NULL),
	(3095, 3, 26, 0, NULL, NULL, 108.897297, 34.154282, NULL, NULL, NULL, NULL, NULL),
	(3096, 3, 26, 0, NULL, NULL, 108.897297, 34.154282, NULL, NULL, NULL, NULL, NULL),
	(3097, 3, 26, 0, NULL, NULL, 108.897297, 34.154282, NULL, NULL, NULL, NULL, NULL),
	(3098, 3, 26, 0, NULL, NULL, 108.897297, 34.154282, NULL, NULL, NULL, NULL, NULL),
	(3099, 3, 26, 0, NULL, NULL, 108.897297, 34.154282, NULL, NULL, NULL, NULL, NULL),
	(3100, 3, 26, 0, NULL, NULL, 108.897297, 34.154282, NULL, NULL, NULL, NULL, NULL),
	(3101, 3, 26, 0, NULL, NULL, 108.897297, 34.154282, NULL, NULL, NULL, NULL, NULL),
	(3102, 3, 26, 0, NULL, NULL, 108.897297, 34.154282, NULL, NULL, NULL, NULL, NULL),
	(3103, 3, 26, 0, NULL, NULL, 108.897297, 34.154282, NULL, NULL, NULL, NULL, NULL),
	(3104, 3, 26, 0, NULL, NULL, 108.897297, 34.154282, NULL, NULL, NULL, NULL, NULL),
	(3105, 3, 26, 0, NULL, NULL, 108.897297, 34.154282, NULL, NULL, NULL, NULL, NULL),
	(3106, 3, 26, 0, NULL, NULL, 108.897297, 34.154282, NULL, NULL, NULL, NULL, NULL),
	(3107, 3, 26, 0, NULL, NULL, 108.897297, 34.154282, NULL, NULL, NULL, NULL, NULL),
	(3108, 3, 26, 0, NULL, NULL, 108.897297, 34.154282, NULL, NULL, NULL, NULL, NULL),
	(3109, 3, 26, 0, NULL, NULL, 108.897297, 34.154282, NULL, NULL, NULL, NULL, NULL),
	(3110, 3, 26, 0, NULL, NULL, 108.897297, 34.154282, NULL, NULL, NULL, NULL, NULL),
	(3111, 3, 26, 0, NULL, NULL, 108.897297, 34.154282, NULL, NULL, NULL, NULL, NULL),
	(3112, 3, 26, 0, NULL, NULL, 108.897297, 34.154282, NULL, NULL, NULL, NULL, NULL),
	(3113, 3, 26, 0, NULL, NULL, 108.897297, 34.154282, NULL, NULL, NULL, NULL, NULL),
	(3114, 3, 26, 0, NULL, NULL, 108.897297, 34.154282, NULL, NULL, NULL, NULL, NULL),
	(3115, 3, 26, 0, NULL, NULL, 108.897297, 34.154282, NULL, NULL, NULL, NULL, NULL),
	(3116, 3, 26, 0, NULL, NULL, 108.896031, 34.157073, NULL, NULL, NULL, NULL, NULL),
	(3117, 3, 26, 0, NULL, NULL, 108.896031, 34.157073, NULL, NULL, NULL, NULL, NULL),
	(3118, 3, 26, 0, NULL, NULL, 108.896031, 34.157073, NULL, NULL, NULL, NULL, NULL),
	(3119, 3, 26, 0, NULL, NULL, 108.896031, 34.157073, NULL, NULL, NULL, NULL, NULL),
	(3120, 3, 26, 0, NULL, NULL, 108.896031, 34.157073, NULL, NULL, NULL, NULL, NULL),
	(3121, 3, 26, 0, NULL, NULL, 108.896031, 34.157073, NULL, NULL, NULL, NULL, NULL),
	(3122, 3, 26, 0, NULL, NULL, 108.896031, 34.157073, NULL, NULL, NULL, NULL, NULL),
	(3123, 3, 26, 0, NULL, NULL, 108.896031, 34.157073, NULL, NULL, NULL, NULL, NULL),
	(3124, 3, 26, 0, NULL, NULL, 108.896031, 34.157073, NULL, NULL, NULL, NULL, NULL),
	(3125, 3, 26, 0, NULL, NULL, 108.896031, 34.157073, NULL, NULL, NULL, NULL, NULL),
	(3126, 3, 26, 0, NULL, NULL, 108.896031, 34.157073, NULL, NULL, NULL, NULL, NULL),
	(3127, 3, 26, 0, NULL, NULL, 108.896031, 34.157073, NULL, NULL, NULL, NULL, NULL),
	(3128, 3, 26, 0, NULL, NULL, 108.896031, 34.157073, NULL, NULL, NULL, NULL, NULL),
	(3129, 3, 26, 0, NULL, NULL, 108.896031, 34.157073, NULL, NULL, NULL, NULL, NULL),
	(3130, 3, 26, 0, NULL, NULL, 108.896031, 34.157073, NULL, NULL, NULL, NULL, NULL),
	(3131, 3, 26, 0, NULL, NULL, 108.896031, 34.157073, NULL, NULL, NULL, NULL, NULL),
	(3132, 3, 26, 0, NULL, NULL, 108.896031, 34.157073, NULL, NULL, NULL, NULL, NULL),
	(3133, 3, 26, 0, NULL, NULL, 108.896031, 34.157073, NULL, NULL, NULL, NULL, NULL),
	(3134, 3, 26, 0, NULL, NULL, 108.896031, 34.157073, NULL, NULL, NULL, NULL, NULL),
	(3135, 3, 26, 0, NULL, NULL, 108.896031, 34.157073, NULL, NULL, NULL, NULL, NULL),
	(3136, 3, 26, 0, NULL, NULL, 108.896031, 34.157073, NULL, NULL, NULL, NULL, NULL),
	(3137, 3, 26, 0, NULL, NULL, 108.896031, 34.157073, NULL, NULL, NULL, NULL, NULL),
	(3138, 3, 26, 0, NULL, NULL, 108.896031, 34.157073, NULL, NULL, NULL, NULL, NULL),
	(3139, 3, 26, 0, NULL, NULL, 108.896031, 34.157073, NULL, NULL, NULL, NULL, NULL),
	(3140, 3, 26, 0, NULL, NULL, 108.896031, 34.157073, NULL, NULL, NULL, NULL, NULL),
	(3141, 3, 26, 0, NULL, NULL, 108.896031, 34.157073, NULL, NULL, NULL, NULL, NULL),
	(3142, 3, 26, 0, NULL, NULL, 108.896031, 34.157073, NULL, NULL, NULL, NULL, NULL),
	(3143, 3, 26, 0, NULL, NULL, 108.896031, 34.157073, NULL, NULL, NULL, NULL, NULL),
	(3144, 3, 26, 0, NULL, NULL, 108.896031, 34.157073, NULL, NULL, NULL, NULL, NULL),
	(3145, 3, 26, 0, NULL, NULL, 108.896031, 34.157073, NULL, NULL, NULL, NULL, NULL),
	(3146, 3, 26, 0, NULL, NULL, 108.896031, 34.157073, NULL, NULL, NULL, NULL, NULL),
	(3147, 3, 26, 0, NULL, NULL, 108.896031, 34.157073, NULL, NULL, NULL, NULL, NULL),
	(3148, 3, 26, 0, NULL, NULL, 108.896031, 34.157073, NULL, NULL, NULL, NULL, NULL),
	(3149, 3, 26, 0, NULL, NULL, 108.896031, 34.157073, NULL, NULL, NULL, NULL, NULL),
	(3150, 3, 26, 0, NULL, NULL, 108.896031, 34.157073, NULL, NULL, NULL, NULL, NULL),
	(3151, 3, 26, 0, NULL, NULL, 108.896031, 34.157073, NULL, NULL, NULL, NULL, NULL),
	(3152, 3, 26, 0, NULL, NULL, 108.896031, 34.157073, NULL, NULL, NULL, NULL, NULL),
	(3153, 3, 26, 0, NULL, NULL, 108.896031, 34.157073, NULL, NULL, NULL, NULL, NULL),
	(3154, 3, 26, 0, NULL, NULL, 108.896031, 34.157073, NULL, NULL, NULL, NULL, NULL),
	(3155, 3, 26, 0, NULL, NULL, 108.896031, 34.157073, NULL, NULL, NULL, NULL, NULL),
	(3156, 3, 26, 0, NULL, NULL, 108.896031, 34.157073, NULL, NULL, NULL, NULL, NULL),
	(3157, 3, 26, 0, NULL, NULL, 108.896031, 34.157073, NULL, NULL, NULL, NULL, NULL),
	(3158, 3, 26, 0, NULL, NULL, 108.896031, 34.157073, NULL, NULL, NULL, NULL, NULL),
	(3159, 3, 26, 0, NULL, NULL, 108.896031, 34.157073, NULL, NULL, NULL, NULL, NULL),
	(3160, 3, 26, 0, NULL, NULL, 108.896031, 34.157073, NULL, NULL, NULL, NULL, NULL),
	(3161, 3, 26, 0, NULL, NULL, 108.896031, 34.157073, NULL, NULL, NULL, NULL, NULL),
	(3162, 3, 26, 0, NULL, NULL, 108.896031, 34.157073, NULL, NULL, NULL, NULL, NULL),
	(3163, 3, 26, 0, NULL, NULL, 108.896031, 34.157073, NULL, NULL, NULL, NULL, NULL),
	(3164, 3, 26, 0, NULL, NULL, 108.896031, 34.157073, NULL, NULL, NULL, NULL, NULL),
	(3165, 3, 26, 0, NULL, NULL, 108.896031, 34.157073, NULL, NULL, NULL, NULL, NULL),
	(3166, 3, 26, 0, NULL, NULL, 108.896031, 34.157073, NULL, NULL, NULL, NULL, NULL),
	(3167, 3, 26, 0, NULL, NULL, 108.896031, 34.157073, NULL, NULL, NULL, NULL, NULL),
	(3168, 3, 26, 0, NULL, NULL, 108.896031, 34.157073, NULL, NULL, NULL, NULL, NULL),
	(3169, 3, 26, 0, NULL, NULL, 108.896031, 34.157073, NULL, NULL, NULL, NULL, NULL),
	(3170, 3, 26, 0, NULL, NULL, 108.896031, 34.157073, NULL, NULL, NULL, NULL, NULL),
	(3171, 3, 26, 0, NULL, NULL, 108.896031, 34.157073, NULL, NULL, NULL, NULL, NULL),
	(3172, 3, 26, 0, NULL, NULL, 108.896031, 34.157073, NULL, NULL, NULL, NULL, NULL),
	(3173, 3, 26, 0, NULL, NULL, 108.896031, 34.157073, NULL, NULL, NULL, NULL, NULL),
	(3174, 3, 26, 0, NULL, NULL, 108.896031, 34.157073, NULL, NULL, NULL, NULL, NULL),
	(3175, 3, 26, 0, NULL, NULL, 108.896031, 34.157073, NULL, NULL, NULL, NULL, NULL),
	(3176, 3, 26, 0, NULL, NULL, 108.896031, 34.157073, NULL, NULL, NULL, NULL, NULL),
	(3177, 3, 26, 0, NULL, NULL, 108.896031, 34.157073, NULL, NULL, NULL, NULL, NULL),
	(3178, 3, 26, 0, NULL, NULL, 108.896031, 34.157073, NULL, NULL, NULL, NULL, NULL),
	(3179, 3, 26, 0, NULL, NULL, 108.896031, 34.157073, NULL, NULL, NULL, NULL, NULL),
	(3180, 3, 26, 0, NULL, NULL, 108.896031, 34.157073, NULL, NULL, NULL, NULL, NULL),
	(3181, 3, 26, 0, NULL, NULL, 108.896031, 34.157073, NULL, NULL, NULL, NULL, NULL),
	(3182, 3, 26, 0, NULL, NULL, 108.896031, 34.157073, NULL, NULL, NULL, NULL, NULL),
	(3183, 3, 26, 0, NULL, NULL, 108.896031, 34.157073, NULL, NULL, NULL, NULL, NULL),
	(3184, 3, 26, 0, NULL, NULL, 108.896031, 34.157073, NULL, NULL, NULL, NULL, NULL),
	(3185, 3, 26, 0, NULL, NULL, 108.896031, 34.157073, NULL, NULL, NULL, NULL, NULL),
	(3186, 3, 26, 0, NULL, NULL, 108.896031, 34.157073, NULL, NULL, NULL, NULL, NULL),
	(3187, 3, 26, 0, NULL, NULL, 108.896031, 34.157073, NULL, NULL, NULL, NULL, NULL),
	(3188, 3, 26, 0, NULL, NULL, 108.896031, 34.157073, NULL, NULL, NULL, NULL, NULL),
	(3189, 3, 26, 0, NULL, NULL, 108.896031, 34.157073, NULL, NULL, NULL, NULL, NULL),
	(3190, 3, 26, 0, NULL, NULL, 108.896031, 34.157073, NULL, NULL, NULL, NULL, NULL),
	(3191, 3, 26, 0, NULL, NULL, 108.896031, 34.157073, NULL, NULL, NULL, NULL, NULL),
	(3192, 3, 26, 0, NULL, NULL, 108.896031, 34.157073, NULL, NULL, NULL, NULL, NULL),
	(3193, 3, 26, 0, NULL, NULL, 108.896031, 34.157073, NULL, NULL, NULL, NULL, NULL),
	(3194, 3, 26, 0, NULL, NULL, 108.896031, 34.157073, NULL, NULL, NULL, NULL, NULL),
	(3195, 3, 26, 0, NULL, NULL, 108.896031, 34.157073, NULL, NULL, NULL, NULL, NULL),
	(3196, 3, 26, 0, NULL, NULL, 108.896031, 34.157073, NULL, NULL, NULL, NULL, NULL),
	(3197, 3, 26, 0, NULL, NULL, 108.896031, 34.157073, NULL, NULL, NULL, NULL, NULL),
	(3198, 3, 26, 0, NULL, NULL, 108.896031, 34.157073, NULL, NULL, NULL, NULL, NULL),
	(3199, 3, 26, 0, NULL, NULL, 108.896031, 34.157073, NULL, NULL, NULL, NULL, NULL),
	(3200, 3, 26, 0, NULL, NULL, 108.896031, 34.157073, NULL, NULL, NULL, NULL, NULL),
	(3201, 3, 26, 0, NULL, NULL, 108.896031, 34.157073, NULL, NULL, NULL, NULL, NULL),
	(3202, 3, 26, 0, NULL, NULL, 108.896031, 34.157073, NULL, NULL, NULL, NULL, NULL),
	(3203, 3, 26, 0, NULL, NULL, 108.896031, 34.157073, NULL, NULL, NULL, NULL, NULL),
	(3204, 3, 26, 0, NULL, NULL, 108.896031, 34.157073, NULL, NULL, NULL, NULL, NULL),
	(3205, 3, 26, 0, NULL, NULL, 108.896031, 34.157073, NULL, NULL, NULL, NULL, NULL),
	(3206, 3, 26, 0, NULL, NULL, 108.896031, 34.157073, NULL, NULL, NULL, NULL, NULL),
	(3207, 3, 26, 0, NULL, NULL, 108.896031, 34.157073, NULL, NULL, NULL, NULL, NULL),
	(3208, 3, 26, 0, NULL, NULL, 108.896031, 34.157073, NULL, NULL, NULL, NULL, NULL),
	(3209, 3, 26, 0, NULL, NULL, 108.896031, 34.157073, NULL, NULL, NULL, NULL, NULL),
	(3210, 3, 26, 0, NULL, NULL, 108.896031, 34.157073, NULL, NULL, NULL, NULL, NULL),
	(3211, 3, 26, 0, NULL, NULL, 108.896031, 34.157073, NULL, NULL, NULL, NULL, NULL),
	(3212, 3, 26, 0, NULL, NULL, 108.896031, 34.157073, NULL, NULL, NULL, NULL, NULL),
	(3213, 3, 26, 0, NULL, NULL, 108.896031, 34.157073, NULL, NULL, NULL, NULL, NULL),
	(3214, 3, 26, 0, NULL, NULL, 108.896031, 34.157073, NULL, NULL, NULL, NULL, NULL),
	(3215, 3, 26, 0, NULL, NULL, 108.896031, 34.157073, NULL, NULL, NULL, NULL, NULL),
	(3216, 3, 26, 0, NULL, NULL, 108.896031, 34.157073, NULL, NULL, NULL, NULL, NULL),
	(3217, 3, 26, 0, NULL, NULL, 108.896031, 34.157073, NULL, NULL, NULL, NULL, NULL),
	(3218, 3, 26, 0, NULL, NULL, 108.896031, 34.157073, NULL, NULL, NULL, NULL, NULL),
	(3219, 3, 26, 0, NULL, NULL, 108.896031, 34.157073, NULL, NULL, NULL, NULL, NULL),
	(3220, 3, 26, 0, NULL, NULL, 108.896031, 34.157073, NULL, NULL, NULL, NULL, NULL),
	(3221, 3, 26, 0, NULL, NULL, 108.896031, 34.157073, NULL, NULL, NULL, NULL, NULL),
	(3222, 3, 26, 0, NULL, NULL, 108.896031, 34.157073, NULL, NULL, NULL, NULL, NULL),
	(3223, 3, 26, 0, NULL, NULL, 108.896031, 34.157073, NULL, NULL, NULL, NULL, NULL),
	(3224, 3, 26, 0, NULL, NULL, 108.896031, 34.157073, NULL, NULL, NULL, NULL, NULL),
	(3225, 3, 26, 0, NULL, NULL, 108.896031, 34.157073, NULL, NULL, NULL, NULL, NULL),
	(3226, 3, 26, 0, NULL, NULL, 108.896031, 34.157073, NULL, NULL, NULL, NULL, NULL),
	(3227, 3, 26, 0, NULL, NULL, 108.896031, 34.157073, NULL, NULL, NULL, NULL, NULL),
	(3228, 3, 26, 0, NULL, NULL, 108.896031, 34.157073, NULL, NULL, NULL, NULL, NULL),
	(3229, 3, 26, 0, NULL, NULL, 108.896031, 34.157073, NULL, NULL, NULL, NULL, NULL),
	(3230, 3, 26, 0, NULL, NULL, 108.896031, 34.157073, NULL, NULL, NULL, NULL, NULL),
	(3231, 3, 26, 0, NULL, NULL, 108.896031, 34.157073, NULL, NULL, NULL, NULL, NULL),
	(3232, 3, 26, 0, NULL, NULL, 108.896031, 34.157073, NULL, NULL, NULL, NULL, NULL),
	(3233, 3, 26, 0, NULL, NULL, 108.896031, 34.157073, NULL, NULL, NULL, NULL, NULL),
	(3234, 3, 26, 0, NULL, NULL, 108.896031, 34.157073, NULL, NULL, NULL, NULL, NULL),
	(3235, 3, 26, 0, NULL, NULL, 108.896031, 34.157073, NULL, NULL, NULL, NULL, NULL),
	(3236, 3, 26, 0, NULL, NULL, 108.896031, 34.157073, NULL, NULL, NULL, NULL, NULL),
	(3237, 3, 26, 0, NULL, NULL, 108.896031, 34.157073, NULL, NULL, NULL, NULL, NULL),
	(3238, 3, 26, 0, NULL, NULL, 108.896031, 34.157073, NULL, NULL, NULL, NULL, NULL),
	(3239, 3, 26, 0, NULL, NULL, 108.896031, 34.157073, NULL, NULL, NULL, NULL, NULL),
	(3240, 3, 26, 0, NULL, NULL, 108.896031, 34.157073, NULL, NULL, NULL, NULL, NULL),
	(3241, 3, 26, 0, NULL, NULL, 108.896031, 34.157073, NULL, NULL, NULL, NULL, NULL),
	(3242, 3, 26, 0, NULL, NULL, 108.896031, 34.157073, NULL, NULL, NULL, NULL, NULL),
	(3243, 3, 26, 0, NULL, NULL, 108.896031, 34.157073, NULL, NULL, NULL, NULL, NULL),
	(3244, 3, 26, 0, NULL, NULL, 108.896031, 34.157073, NULL, NULL, NULL, NULL, NULL),
	(3245, 3, 26, 0, NULL, NULL, 108.896031, 34.157073, NULL, NULL, NULL, NULL, NULL),
	(3246, 3, 26, 0, NULL, NULL, 108.896031, 34.157073, NULL, NULL, NULL, NULL, NULL),
	(3247, 3, 26, 0, NULL, NULL, 108.896031, 34.157073, NULL, NULL, NULL, NULL, NULL),
	(3248, 3, 26, 0, NULL, NULL, 108.896031, 34.157073, NULL, NULL, NULL, NULL, NULL),
	(3249, 3, 26, 0, NULL, NULL, 108.896031, 34.157073, NULL, NULL, NULL, NULL, NULL),
	(3250, 3, 26, 0, NULL, NULL, 108.896031, 34.157073, NULL, NULL, NULL, NULL, NULL),
	(3251, 3, 26, 0, NULL, NULL, 108.896031, 34.157073, NULL, NULL, NULL, NULL, NULL),
	(3252, 3, 26, 0, NULL, NULL, 108.896031, 34.157073, NULL, NULL, NULL, NULL, NULL),
	(3253, 3, 26, 0, NULL, NULL, 108.896031, 34.157073, NULL, NULL, NULL, NULL, NULL),
	(3254, 3, 26, 0, NULL, NULL, 108.896031, 34.157073, NULL, NULL, NULL, NULL, NULL),
	(3255, 3, 26, 0, NULL, NULL, 108.896031, 34.157073, NULL, NULL, NULL, NULL, NULL),
	(3256, 3, 26, 0, NULL, NULL, 108.896031, 34.157073, NULL, NULL, NULL, NULL, NULL),
	(3257, 3, 26, 0, NULL, NULL, 108.896031, 34.157073, NULL, NULL, NULL, NULL, NULL),
	(3258, 3, 26, 0, NULL, NULL, 108.896031, 34.157073, NULL, NULL, NULL, NULL, NULL),
	(3259, 3, 26, 0, NULL, NULL, 108.896031, 34.157073, NULL, NULL, NULL, NULL, NULL),
	(3260, 3, 26, 0, NULL, NULL, 108.896031, 34.157073, NULL, NULL, NULL, NULL, NULL),
	(3261, 3, 26, 0, NULL, NULL, 108.896031, 34.157073, NULL, NULL, NULL, NULL, NULL),
	(3262, 3, 26, 0, NULL, NULL, 108.896031, 34.157073, NULL, NULL, NULL, NULL, NULL),
	(3263, 3, 26, 0, NULL, NULL, 108.896031, 34.157073, NULL, NULL, NULL, NULL, NULL),
	(3264, 3, 26, 0, NULL, NULL, 108.896031, 34.157073, NULL, NULL, NULL, NULL, NULL),
	(3265, 3, 26, 0, NULL, NULL, 108.896031, 34.157073, NULL, NULL, NULL, NULL, NULL),
	(3266, 3, 26, 0, NULL, NULL, 108.896031, 34.157073, NULL, NULL, NULL, NULL, NULL),
	(3267, 3, 26, 0, NULL, NULL, 108.896031, 34.157073, NULL, NULL, NULL, NULL, NULL),
	(3268, 3, 26, 0, NULL, NULL, 108.896031, 34.157073, NULL, NULL, NULL, NULL, NULL),
	(3269, 3, 26, 0, NULL, NULL, 108.896031, 34.157073, NULL, NULL, NULL, NULL, NULL),
	(3270, 3, 26, 0, NULL, NULL, 108.896031, 34.157073, NULL, NULL, NULL, NULL, NULL),
	(3271, 3, 26, 0, NULL, NULL, 108.896031, 34.157073, NULL, NULL, NULL, NULL, NULL),
	(3272, 3, 26, 0, NULL, NULL, 108.896031, 34.157073, NULL, NULL, NULL, NULL, NULL),
	(3273, 3, 26, 0, NULL, NULL, 108.896031, 34.157073, NULL, NULL, NULL, NULL, NULL),
	(3274, 3, 26, 0, NULL, NULL, 108.896031, 34.157073, NULL, NULL, NULL, NULL, NULL),
	(3275, 3, 26, 0, NULL, NULL, 108.896031, 34.157073, NULL, NULL, NULL, NULL, NULL),
	(3276, 3, 26, 0, NULL, NULL, 108.896031, 34.157073, NULL, NULL, NULL, NULL, NULL),
	(3277, 3, 26, 0, NULL, NULL, 108.896031, 34.157073, NULL, NULL, NULL, NULL, NULL),
	(3278, 3, 26, 0, NULL, NULL, 108.896031, 34.157073, NULL, NULL, NULL, NULL, NULL),
	(3279, 3, 26, 0, NULL, NULL, 108.896031, 34.157073, NULL, NULL, NULL, NULL, NULL),
	(3280, 3, 26, 0, NULL, NULL, 108.896031, 34.157073, NULL, NULL, NULL, NULL, NULL),
	(3281, 3, 26, 0, NULL, NULL, 108.896031, 34.157073, NULL, NULL, NULL, NULL, NULL),
	(3282, 3, 26, 0, NULL, NULL, 108.896031, 34.157073, NULL, NULL, NULL, NULL, NULL),
	(3283, 3, 26, 0, NULL, NULL, 108.896031, 34.157073, NULL, NULL, NULL, NULL, NULL),
	(3284, 3, 26, 0, NULL, NULL, 108.896031, 34.157073, NULL, NULL, NULL, NULL, NULL),
	(3285, 3, 26, 0, NULL, NULL, 108.896031, 34.157073, NULL, NULL, NULL, NULL, NULL),
	(3286, 3, 26, 0, NULL, NULL, 108.896031, 34.157073, NULL, NULL, NULL, NULL, NULL),
	(3287, 3, 26, 0, NULL, NULL, 108.896031, 34.157073, NULL, NULL, NULL, NULL, NULL),
	(3288, 3, 26, 0, NULL, NULL, 108.896031, 34.157073, NULL, NULL, NULL, NULL, NULL),
	(3289, 3, 26, 0, NULL, NULL, 108.896031, 34.157073, NULL, NULL, NULL, NULL, NULL),
	(3290, 3, 26, 0, NULL, NULL, 108.896031, 34.157073, NULL, NULL, NULL, NULL, NULL),
	(3291, 3, 26, 0, NULL, NULL, 108.896031, 34.157073, NULL, NULL, NULL, NULL, NULL),
	(3292, 3, 26, 0, NULL, NULL, 108.896031, 34.157073, NULL, NULL, NULL, NULL, NULL),
	(3293, 3, 26, 0, NULL, NULL, 108.896031, 34.157073, NULL, NULL, NULL, NULL, NULL),
	(3294, 3, 26, 0, NULL, NULL, 108.896031, 34.157073, NULL, NULL, NULL, NULL, NULL),
	(3295, 3, 26, 0, NULL, NULL, 108.896031, 34.157073, NULL, NULL, NULL, NULL, NULL),
	(3296, 3, 26, 0, NULL, NULL, 108.896031, 34.157073, NULL, NULL, NULL, NULL, NULL),
	(3297, 3, 26, 0, NULL, NULL, 108.896031, 34.157073, NULL, NULL, NULL, NULL, NULL),
	(3298, 3, 26, 0, NULL, NULL, 108.896031, 34.157073, NULL, NULL, NULL, NULL, NULL),
	(3299, 3, 26, 0, NULL, NULL, 108.896031, 34.157073, NULL, NULL, NULL, NULL, NULL),
	(3300, 3, 26, 0, NULL, NULL, 108.896031, 34.157073, NULL, NULL, NULL, NULL, NULL),
	(3301, 3, 26, 0, NULL, NULL, 108.896031, 34.157073, NULL, NULL, NULL, NULL, NULL),
	(3302, 3, 26, 0, NULL, NULL, 108.896031, 34.157073, NULL, NULL, NULL, NULL, NULL),
	(3303, 3, 26, 0, NULL, NULL, 108.896031, 34.157073, NULL, NULL, NULL, NULL, NULL),
	(3304, 3, 26, 0, NULL, NULL, 108.896031, 34.157073, NULL, NULL, NULL, NULL, NULL),
	(3305, 3, 26, 0, NULL, NULL, 108.896031, 34.157073, NULL, NULL, NULL, NULL, NULL),
	(3306, 3, 26, 0, NULL, NULL, 108.896031, 34.157073, NULL, NULL, NULL, NULL, NULL),
	(3307, 3, 26, 0, NULL, NULL, 108.896031, 34.157073, NULL, NULL, NULL, NULL, NULL),
	(3308, 3, 26, 0, NULL, NULL, 108.896031, 34.157073, NULL, NULL, NULL, NULL, NULL),
	(3309, 3, 26, 0, NULL, NULL, 108.896031, 34.157073, NULL, NULL, NULL, NULL, NULL),
	(3310, 3, 26, 0, NULL, NULL, 108.896031, 34.157073, NULL, NULL, NULL, NULL, NULL),
	(3311, 3, 26, 0, NULL, NULL, 108.896031, 34.157073, NULL, NULL, NULL, NULL, NULL),
	(3312, 3, 26, 0, NULL, NULL, 108.896031, 34.157073, NULL, NULL, NULL, NULL, NULL),
	(3313, 3, 26, 0, NULL, NULL, 108.896031, 34.157073, NULL, NULL, NULL, NULL, NULL),
	(3314, 3, 26, 0, NULL, NULL, 108.896031, 34.157073, NULL, NULL, NULL, NULL, NULL),
	(3315, 3, 26, 0, NULL, NULL, 108.896031, 34.157073, NULL, NULL, NULL, NULL, NULL),
	(3316, 3, 26, 0, NULL, NULL, 108.896031, 34.157073, NULL, NULL, NULL, NULL, NULL),
	(3317, 3, 26, 0, NULL, NULL, 108.896031, 34.157073, NULL, NULL, NULL, NULL, NULL),
	(3318, 3, 26, 0, NULL, NULL, 108.896031, 34.157073, NULL, NULL, NULL, NULL, NULL),
	(3319, 3, 26, 0, NULL, NULL, 108.896031, 34.157073, NULL, NULL, NULL, NULL, NULL),
	(3320, 3, 26, 0, NULL, NULL, 108.896031, 34.157073, NULL, NULL, NULL, NULL, NULL),
	(3321, 3, 26, 0, NULL, NULL, 108.896031, 34.157073, NULL, NULL, NULL, NULL, NULL),
	(3322, 3, 26, 0, NULL, NULL, 108.896031, 34.157073, NULL, NULL, NULL, NULL, NULL),
	(3323, 3, 26, 0, NULL, NULL, 108.896031, 34.157073, NULL, NULL, NULL, NULL, NULL),
	(3324, 3, 26, 0, NULL, NULL, 108.896031, 34.157073, NULL, NULL, NULL, NULL, NULL),
	(3325, 3, 26, 0, NULL, NULL, 108.896031, 34.157073, NULL, NULL, NULL, NULL, NULL),
	(3326, 3, 26, 0, NULL, NULL, 108.896031, 34.157073, NULL, NULL, NULL, NULL, NULL),
	(3327, 3, 26, 0, NULL, NULL, 108.896031, 34.157073, NULL, NULL, NULL, NULL, NULL),
	(3328, 3, 26, 0, NULL, NULL, 108.896031, 34.157073, NULL, NULL, NULL, NULL, NULL),
	(3329, 2, 27, 0, NULL, NULL, 108.905495, 34.159567, NULL, NULL, NULL, NULL, NULL),
	(3330, 3, 26, 0, NULL, NULL, 108.896031, 34.157073, NULL, NULL, NULL, NULL, NULL),
	(3331, 3, 26, 0, NULL, NULL, 108.896031, 34.157073, NULL, NULL, NULL, NULL, NULL),
	(3332, 3, 26, 0, NULL, NULL, 108.896031, 34.157073, NULL, NULL, NULL, NULL, NULL),
	(3333, 3, 26, 0, NULL, NULL, 108.896031, 34.157073, NULL, NULL, NULL, NULL, NULL),
	(3334, 3, 26, 0, NULL, NULL, 108.896031, 34.157073, NULL, NULL, NULL, NULL, NULL),
	(3335, 3, 26, 0, NULL, NULL, 108.896031, 34.157073, NULL, NULL, NULL, NULL, NULL),
	(3336, 3, 26, 0, NULL, NULL, 108.896031, 34.157073, NULL, NULL, NULL, NULL, NULL),
	(3337, 3, 26, 0, NULL, NULL, 108.896031, 34.157073, NULL, NULL, NULL, NULL, NULL),
	(3338, 2, 27, 0, NULL, NULL, 108.905495, 34.159567, NULL, NULL, NULL, NULL, NULL),
	(3339, 3, 26, 0, NULL, NULL, 108.896031, 34.157073, NULL, NULL, NULL, NULL, NULL),
	(3340, 3, 26, 0, NULL, NULL, 108.896031, 34.157073, NULL, NULL, NULL, NULL, NULL),
	(3341, 3, 26, 0, NULL, NULL, 108.896031, 34.157073, NULL, NULL, NULL, NULL, NULL),
	(3342, 3, 26, 0, NULL, NULL, 108.896031, 34.157073, NULL, NULL, NULL, NULL, NULL),
	(3343, 3, 26, 0, NULL, NULL, 108.896031, 34.157073, NULL, NULL, NULL, NULL, NULL),
	(3344, 3, 26, 0, NULL, NULL, 108.896031, 34.157073, NULL, NULL, NULL, NULL, NULL),
	(3345, 3, 26, 0, NULL, NULL, 108.896031, 34.157073, NULL, NULL, NULL, NULL, NULL),
	(3346, 3, 26, 0, NULL, NULL, 108.896031, 34.157073, NULL, NULL, NULL, NULL, NULL),
	(3347, 3, 26, 0, NULL, NULL, 108.896031, 34.157073, NULL, NULL, NULL, NULL, NULL),
	(3348, 3, 26, 0, NULL, NULL, 108.896031, 34.157073, NULL, NULL, NULL, NULL, NULL),
	(3349, 3, 26, 0, NULL, NULL, 108.896031, 34.157073, NULL, NULL, NULL, NULL, NULL),
	(3350, 3, 26, 0, NULL, NULL, 108.896031, 34.157073, NULL, NULL, NULL, NULL, NULL),
	(3351, 3, 26, 0, NULL, NULL, 108.896031, 34.157073, NULL, NULL, NULL, NULL, NULL),
	(3352, 3, 26, 0, NULL, NULL, 108.896031, 34.157073, NULL, NULL, NULL, NULL, NULL),
	(3353, 3, 26, 0, NULL, NULL, 108.896031, 34.157073, NULL, NULL, NULL, NULL, NULL),
	(3354, 3, 26, 0, NULL, NULL, 108.896031, 34.157073, NULL, NULL, NULL, NULL, NULL),
	(3355, 3, 26, 0, NULL, NULL, 108.896031, 34.157073, NULL, NULL, NULL, NULL, NULL),
	(3356, 3, 26, 0, NULL, NULL, 108.896031, 34.157073, NULL, NULL, NULL, NULL, NULL),
	(3357, 3, 26, 0, NULL, NULL, 108.896031, 34.157073, NULL, NULL, NULL, NULL, NULL),
	(3358, 3, 26, 0, NULL, NULL, 108.896031, 34.157073, NULL, NULL, NULL, NULL, NULL),
	(3359, 3, 26, 0, NULL, NULL, 108.896031, 34.157073, NULL, NULL, NULL, NULL, NULL),
	(3360, 3, 26, 0, NULL, NULL, 108.896031, 34.157073, NULL, NULL, NULL, NULL, NULL),
	(3361, 3, 26, 0, NULL, NULL, 108.896031, 34.157073, NULL, NULL, NULL, NULL, NULL),
	(3362, 3, 26, 0, NULL, NULL, 108.896031, 34.157073, NULL, NULL, NULL, NULL, NULL),
	(3363, 3, 26, 0, NULL, NULL, 108.896031, 34.157073, NULL, NULL, NULL, NULL, NULL),
	(3364, 3, 26, 0, NULL, NULL, 108.896031, 34.157073, NULL, NULL, NULL, NULL, NULL),
	(3365, 3, 26, 0, NULL, NULL, 108.896031, 34.157073, NULL, NULL, NULL, NULL, NULL),
	(3366, 3, 26, 0, NULL, NULL, 108.896031, 34.157073, NULL, NULL, NULL, NULL, NULL),
	(3367, 3, 26, 0, NULL, NULL, 108.896031, 34.157073, NULL, NULL, NULL, NULL, NULL),
	(3368, 3, 26, 0, NULL, NULL, 108.896031, 34.157073, NULL, NULL, NULL, NULL, NULL),
	(3369, 3, 26, 0, NULL, NULL, 108.896031, 34.157073, NULL, NULL, NULL, NULL, NULL),
	(3370, 3, 26, 0, NULL, NULL, 108.896031, 34.157073, NULL, NULL, NULL, NULL, NULL),
	(3371, 3, 26, 0, NULL, NULL, 108.896031, 34.157073, NULL, NULL, NULL, NULL, NULL),
	(3372, 3, 26, 0, NULL, NULL, 108.896031, 34.157073, NULL, NULL, NULL, NULL, NULL),
	(3373, 3, 26, 0, NULL, NULL, 108.896031, 34.157073, NULL, NULL, NULL, NULL, NULL),
	(3374, 3, 26, 0, NULL, NULL, 108.896031, 34.157073, NULL, NULL, NULL, NULL, NULL),
	(3375, 3, 26, 0, NULL, NULL, 108.896031, 34.157073, NULL, NULL, NULL, NULL, NULL),
	(3376, 3, 26, 0, NULL, NULL, 108.896031, 34.157073, NULL, NULL, NULL, NULL, NULL),
	(3377, 3, 26, 0, NULL, NULL, 108.896031, 34.157073, NULL, NULL, NULL, NULL, NULL),
	(3378, 3, 26, 0, NULL, NULL, 108.896031, 34.157073, NULL, NULL, NULL, NULL, NULL),
	(3379, 3, 26, 0, NULL, NULL, 108.896031, 34.157073, NULL, NULL, NULL, NULL, NULL),
	(3380, 3, 26, 0, NULL, NULL, 108.896031, 34.157073, NULL, NULL, NULL, NULL, NULL),
	(3381, 3, 26, 0, NULL, NULL, 108.896031, 34.157073, NULL, NULL, NULL, NULL, NULL),
	(3382, 3, 26, 0, NULL, NULL, 108.896031, 34.157073, NULL, NULL, NULL, NULL, NULL),
	(3383, 3, 26, 0, NULL, NULL, 108.896031, 34.157073, NULL, NULL, NULL, NULL, NULL),
	(3384, 3, 26, 0, NULL, NULL, 108.896031, 34.157073, NULL, NULL, NULL, NULL, NULL),
	(3385, 3, 26, 0, NULL, NULL, 108.896031, 34.157073, NULL, NULL, NULL, NULL, NULL),
	(3386, 3, 26, 0, NULL, NULL, 108.896031, 34.157073, NULL, NULL, NULL, NULL, NULL),
	(3387, 3, 26, 0, NULL, NULL, 108.896031, 34.157073, NULL, NULL, NULL, NULL, NULL),
	(3388, 3, 26, 0, NULL, NULL, 108.896031, 34.157073, NULL, NULL, NULL, NULL, NULL),
	(3389, 3, 26, 0, NULL, NULL, 108.896031, 34.157073, NULL, NULL, NULL, NULL, NULL),
	(3390, 3, 26, 0, NULL, NULL, 108.896031, 34.157073, NULL, NULL, NULL, NULL, NULL),
	(3391, 3, 26, 0, NULL, NULL, 108.896031, 34.157073, NULL, NULL, NULL, NULL, NULL),
	(3392, 3, 26, 0, NULL, NULL, 108.896031, 34.157073, NULL, NULL, NULL, NULL, NULL),
	(3393, 3, 26, 0, NULL, NULL, 108.896031, 34.157073, NULL, NULL, NULL, NULL, NULL),
	(3394, 3, 26, 0, NULL, NULL, 108.896031, 34.157073, NULL, NULL, NULL, NULL, NULL),
	(3395, 3, 26, 0, NULL, NULL, 108.896031, 34.157073, NULL, NULL, NULL, NULL, NULL),
	(3396, 3, 26, 0, NULL, NULL, 108.896031, 34.157073, NULL, NULL, NULL, NULL, NULL),
	(3397, 3, 26, 0, NULL, NULL, 108.896031, 34.157073, NULL, NULL, NULL, NULL, NULL),
	(3398, 3, 26, 0, NULL, NULL, 108.896031, 34.157073, NULL, NULL, NULL, NULL, NULL),
	(3399, 3, 26, 0, NULL, NULL, 108.896031, 34.157073, NULL, NULL, NULL, NULL, NULL),
	(3400, 3, 26, 0, NULL, NULL, 108.896031, 34.157073, NULL, NULL, NULL, NULL, NULL),
	(3401, 3, 26, 0, NULL, NULL, 108.896031, 34.157073, NULL, NULL, NULL, NULL, NULL),
	(3402, 3, 26, 0, NULL, NULL, 108.896031, 34.157073, NULL, NULL, NULL, NULL, NULL),
	(3403, 3, 26, 0, NULL, NULL, 108.896031, 34.157073, NULL, NULL, NULL, NULL, NULL),
	(3404, 3, 26, 0, NULL, NULL, 108.896031, 34.157073, NULL, NULL, NULL, NULL, NULL),
	(3405, 3, 26, 0, NULL, NULL, 108.896031, 34.157073, NULL, NULL, NULL, NULL, NULL),
	(3406, 3, 26, 0, NULL, NULL, 108.896031, 34.157073, NULL, NULL, NULL, NULL, NULL),
	(3407, 3, 26, 0, NULL, NULL, 108.896031, 34.157073, NULL, NULL, NULL, NULL, NULL),
	(3408, 2, 27, 0, NULL, NULL, 108.905495, 34.159567, NULL, NULL, NULL, NULL, NULL),
	(3409, 2, 27, 0, NULL, NULL, 108.905495, 34.159567, NULL, NULL, NULL, NULL, NULL),
	(3410, 3, 26, 0, NULL, NULL, 108.896031, 34.157073, NULL, NULL, NULL, NULL, NULL),
	(3411, 3, 26, 0, NULL, NULL, 108.896031, 34.157073, NULL, NULL, NULL, NULL, NULL),
	(3412, 3, 26, 0, NULL, NULL, 108.896031, 34.157073, NULL, NULL, NULL, NULL, NULL),
	(3413, 3, 26, 0, NULL, NULL, 108.896031, 34.157073, NULL, NULL, NULL, NULL, NULL),
	(3414, 2, 27, 0, NULL, NULL, 108.905495, 34.159567, NULL, NULL, NULL, NULL, NULL),
	(3415, 3, 26, 0, NULL, NULL, 108.896031, 34.157073, NULL, NULL, NULL, NULL, NULL),
	(3416, 3, 26, 0, NULL, NULL, 108.896031, 34.157073, NULL, NULL, NULL, NULL, NULL),
	(3417, 3, 26, 0, NULL, NULL, 108.896031, 34.157073, NULL, NULL, NULL, NULL, NULL),
	(3418, 3, 26, 0, NULL, NULL, 108.896031, 34.157073, NULL, NULL, NULL, NULL, NULL),
	(3419, 3, 26, 0, NULL, NULL, 108.896031, 34.157073, NULL, NULL, NULL, NULL, NULL),
	(3420, 3, 26, 0, NULL, NULL, 108.896031, 34.157073, NULL, NULL, NULL, NULL, NULL),
	(3421, 3, 26, 0, NULL, NULL, 108.896031, 34.157073, NULL, NULL, NULL, NULL, NULL),
	(3422, 2, 27, 0, NULL, NULL, 108.905495, 34.159567, NULL, NULL, NULL, NULL, NULL),
	(3423, 3, 26, 0, NULL, NULL, 108.896031, 34.157073, NULL, NULL, NULL, NULL, NULL),
	(3424, 3, 26, 0, NULL, NULL, 108.896031, 34.157073, NULL, NULL, NULL, NULL, NULL),
	(3425, 3, 26, 0, NULL, NULL, 108.896031, 34.157073, NULL, NULL, NULL, NULL, NULL),
	(3426, 3, 26, 0, NULL, NULL, 108.896031, 34.157073, NULL, NULL, NULL, NULL, NULL),
	(3427, 3, 26, 0, NULL, NULL, 108.896031, 34.157073, NULL, NULL, NULL, NULL, NULL),
	(3428, 3, 26, 0, NULL, NULL, 108.896031, 34.157073, NULL, NULL, NULL, NULL, NULL),
	(3429, 3, 26, 0, NULL, NULL, 108.896031, 34.157073, NULL, NULL, NULL, NULL, NULL),
	(3430, 3, 26, 0, NULL, NULL, 108.896031, 34.157073, NULL, NULL, NULL, NULL, NULL),
	(3431, 3, 26, 0, NULL, NULL, 108.896031, 34.157073, NULL, NULL, NULL, NULL, NULL),
	(3432, 3, 26, 0, NULL, NULL, 108.896031, 34.157073, NULL, NULL, NULL, NULL, NULL),
	(3433, 3, 26, 0, NULL, NULL, 108.896031, 34.157073, NULL, NULL, NULL, NULL, NULL),
	(3434, 3, 26, 0, NULL, NULL, 108.896031, 34.157073, NULL, NULL, NULL, NULL, NULL),
	(3435, 3, 26, 0, NULL, NULL, 108.896031, 34.157073, NULL, NULL, NULL, NULL, NULL),
	(3436, 3, 26, 0, NULL, NULL, 108.896031, 34.157073, NULL, NULL, NULL, NULL, NULL),
	(3437, 3, 26, 0, NULL, NULL, 108.896031, 34.157073, NULL, NULL, NULL, NULL, NULL),
	(3438, 3, 26, 0, NULL, NULL, 108.896031, 34.157073, NULL, NULL, NULL, NULL, NULL),
	(3439, 3, 26, 0, NULL, NULL, 108.896031, 34.157073, NULL, NULL, NULL, NULL, NULL),
	(3440, 3, 26, 0, NULL, NULL, 108.896031, 34.157073, NULL, NULL, NULL, NULL, NULL),
	(3441, 2, 27, 0, NULL, NULL, 108.905495, 34.159567, NULL, NULL, NULL, NULL, NULL),
	(3442, 2, 27, 0, NULL, NULL, 108.905495, 34.159567, NULL, NULL, NULL, NULL, NULL),
	(3443, 3, 26, 0, NULL, NULL, 108.896031, 34.157073, NULL, NULL, NULL, NULL, NULL),
	(3444, 3, 26, 0, NULL, NULL, 108.896031, 34.157073, NULL, NULL, NULL, NULL, NULL),
	(3445, 3, 26, 0, NULL, NULL, 108.896031, 34.157073, NULL, NULL, NULL, NULL, NULL),
	(3446, 3, 26, 0, NULL, NULL, 108.896031, 34.157073, NULL, NULL, NULL, NULL, NULL),
	(3447, 3, 26, 0, NULL, NULL, 108.905495, 34.159567, NULL, NULL, NULL, NULL, NULL),
	(3448, 2, 27, 0, NULL, NULL, 108.905495, 34.159567, NULL, NULL, NULL, NULL, NULL),
	(3449, 3, 26, 0, NULL, NULL, 108.905495, 34.159567, NULL, NULL, NULL, NULL, NULL),
	(3450, 3, 26, 0, NULL, NULL, 108.905495, 34.159567, NULL, NULL, NULL, NULL, NULL),
	(3451, 3, 26, 0, NULL, NULL, 108.905495, 34.159567, NULL, NULL, NULL, NULL, NULL),
	(3452, 3, 26, 0, NULL, NULL, 108.905495, 34.159567, NULL, NULL, NULL, NULL, NULL),
	(3453, 3, 26, 0, NULL, NULL, 108.905495, 34.159567, NULL, NULL, NULL, NULL, NULL),
	(3454, 3, 26, 0, NULL, NULL, 108.905495, 34.159567, NULL, NULL, NULL, NULL, NULL),
	(3455, 2, 27, 0, NULL, NULL, 108.905495, 34.159567, NULL, NULL, NULL, NULL, NULL),
	(3456, 3, 26, 0, NULL, NULL, 108.905495, 34.159567, NULL, NULL, NULL, NULL, NULL),
	(3457, 3, 26, 0, NULL, NULL, 108.905495, 34.159567, NULL, NULL, NULL, NULL, NULL),
	(3458, 3, 26, 0, NULL, NULL, 108.905495, 34.159567, NULL, NULL, NULL, NULL, NULL),
	(3459, 3, 26, 0, NULL, NULL, 108.905495, 34.159567, NULL, NULL, NULL, NULL, NULL),
	(3460, 3, 26, 0, NULL, NULL, 108.905495, 34.159567, NULL, NULL, NULL, NULL, NULL),
	(3461, 3, 26, 0, NULL, NULL, 108.905495, 34.159567, NULL, NULL, NULL, NULL, NULL),
	(3462, 3, 26, 0, NULL, NULL, 108.905495, 34.159567, NULL, NULL, NULL, NULL, NULL),
	(3463, 3, 26, 0, NULL, NULL, 108.905495, 34.159567, NULL, NULL, NULL, NULL, NULL),
	(3464, 2, 27, 0, NULL, NULL, 108.905495, 34.159567, NULL, NULL, NULL, NULL, NULL),
	(3465, 3, 26, 0, NULL, NULL, 108.905495, 34.159567, NULL, NULL, NULL, NULL, NULL),
	(3466, 3, 26, 0, NULL, NULL, 108.905495, 34.159567, NULL, NULL, NULL, NULL, NULL),
	(3467, 3, 26, 0, NULL, NULL, 108.905495, 34.159567, NULL, NULL, NULL, NULL, NULL),
	(3468, 3, 26, 0, NULL, NULL, 108.905495, 34.159567, NULL, NULL, NULL, NULL, NULL),
	(3469, 3, 26, 0, NULL, NULL, 108.905495, 34.159567, NULL, NULL, NULL, NULL, NULL),
	(3470, 3, 26, 0, NULL, NULL, 108.905495, 34.159567, NULL, NULL, NULL, NULL, NULL),
	(3471, 2, 27, 0, NULL, NULL, 108.905495, 34.159567, NULL, NULL, NULL, NULL, NULL),
	(3472, 3, 26, 0, NULL, NULL, 108.905495, 34.159567, NULL, NULL, NULL, NULL, NULL),
	(3473, 3, 26, 0, NULL, NULL, 108.905495, 34.159567, NULL, NULL, NULL, NULL, NULL),
	(3474, 3, 26, 0, NULL, NULL, 108.905495, 34.159567, NULL, NULL, NULL, NULL, NULL),
	(3475, 3, 26, 0, NULL, NULL, 108.905495, 34.159567, NULL, NULL, NULL, NULL, NULL),
	(3476, 3, 26, 0, NULL, NULL, 108.905495, 34.159567, NULL, NULL, NULL, NULL, NULL),
	(3477, 3, 26, 0, NULL, NULL, 108.905495, 34.159567, NULL, NULL, NULL, NULL, NULL),
	(3478, 3, 26, 0, NULL, NULL, 108.905495, 34.159567, NULL, NULL, NULL, NULL, NULL),
	(3479, 2, 27, 0, NULL, NULL, 108.905495, 34.159567, NULL, NULL, NULL, NULL, NULL),
	(3480, 3, 26, 0, NULL, NULL, 108.905495, 34.159567, NULL, NULL, NULL, NULL, NULL),
	(3481, 3, 26, 0, NULL, NULL, 108.905495, 34.159567, NULL, NULL, NULL, NULL, NULL),
	(3482, 3, 26, 0, NULL, NULL, 108.905495, 34.159567, NULL, NULL, NULL, NULL, NULL),
	(3483, 3, 26, 0, NULL, NULL, 108.905495, 34.159567, NULL, NULL, NULL, NULL, NULL),
	(3484, 3, 26, 0, NULL, NULL, 108.905495, 34.159567, NULL, NULL, NULL, NULL, NULL),
	(3485, 3, 26, 0, NULL, NULL, 108.905495, 34.159567, NULL, NULL, NULL, NULL, NULL),
	(3486, 2, 27, 0, NULL, NULL, 108.905495, 34.159567, NULL, NULL, NULL, NULL, NULL),
	(3487, 3, 26, 0, NULL, NULL, 108.905495, 34.159567, NULL, NULL, NULL, NULL, NULL),
	(3488, 3, 26, 0, NULL, NULL, 108.905495, 34.159567, NULL, NULL, NULL, NULL, NULL),
	(3489, 3, 26, 0, NULL, NULL, 108.905495, 34.159567, NULL, NULL, NULL, NULL, NULL),
	(3490, 3, 26, 0, NULL, NULL, 108.905495, 34.159567, NULL, NULL, NULL, NULL, NULL),
	(3491, 3, 26, 0, NULL, NULL, 108.905495, 34.159567, NULL, NULL, NULL, NULL, NULL),
	(3492, 3, 26, 0, NULL, NULL, 108.905495, 34.159567, NULL, NULL, NULL, NULL, NULL),
	(3493, 3, 26, 0, NULL, NULL, 108.905495, 34.159567, NULL, NULL, NULL, NULL, NULL),
	(3494, 3, 26, 0, NULL, NULL, 108.905495, 34.159567, NULL, NULL, NULL, NULL, NULL),
	(3495, 2, 27, 0, NULL, NULL, 108.905495, 34.159567, NULL, NULL, NULL, NULL, NULL),
	(3496, 3, 26, 0, NULL, NULL, 108.905495, 34.159567, NULL, NULL, NULL, NULL, NULL),
	(3497, 3, 26, 0, NULL, NULL, 108.905495, 34.159567, NULL, NULL, NULL, NULL, NULL),
	(3498, 3, 26, 0, NULL, NULL, 108.905495, 34.159567, NULL, NULL, NULL, NULL, NULL),
	(3499, 3, 26, 0, NULL, NULL, 108.905495, 34.159567, NULL, NULL, NULL, NULL, NULL),
	(3500, 3, 26, 0, NULL, NULL, 108.905495, 34.159567, NULL, NULL, NULL, NULL, NULL),
	(3501, 3, 26, 0, NULL, NULL, 108.905495, 34.159567, NULL, NULL, NULL, NULL, NULL),
	(3502, 3, 26, 0, NULL, NULL, 108.905495, 34.159567, NULL, NULL, NULL, NULL, NULL),
	(3503, 2, 27, 0, NULL, NULL, 108.905495, 34.159567, NULL, NULL, NULL, NULL, NULL),
	(3504, 3, 26, 0, NULL, NULL, 108.905495, 34.159567, NULL, NULL, NULL, NULL, NULL),
	(3505, 3, 26, 0, NULL, NULL, 108.905495, 34.159567, NULL, NULL, NULL, NULL, NULL),
	(3506, 3, 26, 0, NULL, NULL, 108.905495, 34.159567, NULL, NULL, NULL, NULL, NULL),
	(3507, 3, 26, 0, NULL, NULL, 108.905495, 34.159567, NULL, NULL, NULL, NULL, NULL),
	(3508, 3, 26, 0, NULL, NULL, 108.905495, 34.159567, NULL, NULL, NULL, NULL, NULL),
	(3509, 3, 26, 0, NULL, NULL, 108.905495, 34.159567, NULL, NULL, NULL, NULL, NULL),
	(3510, 3, 26, 0, NULL, NULL, 108.905495, 34.159567, NULL, NULL, NULL, NULL, NULL),
	(3511, 3, 26, 0, NULL, NULL, 108.905495, 34.159567, NULL, NULL, NULL, NULL, NULL),
	(3512, 2, 27, 0, NULL, NULL, 108.905495, 34.159567, NULL, NULL, NULL, NULL, NULL),
	(3513, 3, 26, 0, NULL, NULL, 108.905495, 34.159567, NULL, NULL, NULL, NULL, NULL),
	(3514, 3, 26, 0, NULL, NULL, 108.905495, 34.159567, NULL, NULL, NULL, NULL, NULL),
	(3515, 3, 26, 0, NULL, NULL, 108.905495, 34.159567, NULL, NULL, NULL, NULL, NULL),
	(3516, 3, 26, 0, NULL, NULL, 108.905495, 34.159567, NULL, NULL, NULL, NULL, NULL),
	(3517, 3, 26, 0, NULL, NULL, 108.905495, 34.159567, NULL, NULL, NULL, NULL, NULL),
	(3518, 3, 26, 0, NULL, NULL, 108.905495, 34.159567, NULL, NULL, NULL, NULL, NULL),
	(3519, 3, 26, 0, NULL, NULL, 108.905495, 34.159567, NULL, NULL, NULL, NULL, NULL),
	(3520, 2, 27, 0, NULL, NULL, 108.905495, 34.159567, NULL, NULL, NULL, NULL, NULL),
	(3521, 3, 26, 0, NULL, NULL, 108.905495, 34.159567, NULL, NULL, NULL, NULL, NULL),
	(3522, 3, 26, 0, NULL, NULL, 108.905495, 34.159567, NULL, NULL, NULL, NULL, NULL),
	(3523, 3, 26, 0, NULL, NULL, 108.905495, 34.159567, NULL, NULL, NULL, NULL, NULL),
	(3524, 3, 26, 0, NULL, NULL, 108.905495, 34.159567, NULL, NULL, NULL, NULL, NULL),
	(3525, 3, 26, 0, NULL, NULL, 108.905495, 34.159567, NULL, NULL, NULL, NULL, NULL),
	(3526, 3, 26, 0, NULL, NULL, 108.905495, 34.159567, NULL, NULL, NULL, NULL, NULL),
	(3527, 3, 26, 0, NULL, NULL, 108.905495, 34.159567, NULL, NULL, NULL, NULL, NULL),
	(3528, 3, 26, 0, NULL, NULL, 108.905495, 34.159567, NULL, NULL, NULL, NULL, NULL),
	(3529, 3, 26, 0, NULL, NULL, 108.905495, 34.159567, NULL, NULL, NULL, NULL, NULL),
	(3530, 2, 27, 0, NULL, NULL, 108.905495, 34.159567, NULL, NULL, NULL, NULL, NULL),
	(3531, 3, 26, 0, NULL, NULL, 108.905495, 34.159567, NULL, NULL, NULL, NULL, NULL),
	(3532, 3, 26, 0, NULL, NULL, 108.905495, 34.159567, NULL, NULL, NULL, NULL, NULL),
	(3533, 3, 26, 0, NULL, NULL, 108.905495, 34.159567, NULL, NULL, NULL, NULL, NULL),
	(3534, 3, 26, 0, NULL, NULL, 108.905495, 34.159567, NULL, NULL, NULL, NULL, NULL),
	(3535, 3, 26, 0, NULL, NULL, 108.905495, 34.159567, NULL, NULL, NULL, NULL, NULL),
	(3536, 3, 26, 0, NULL, NULL, 108.905495, 34.159567, NULL, NULL, NULL, NULL, NULL),
	(3537, 3, 26, 0, NULL, NULL, 108.905495, 34.159567, NULL, NULL, NULL, NULL, NULL),
	(3538, 2, 27, 0, NULL, NULL, 108.905495, 34.159567, NULL, NULL, NULL, NULL, NULL),
	(3539, 3, 26, 0, NULL, NULL, 108.905495, 34.159567, NULL, NULL, NULL, NULL, NULL),
	(3540, 3, 26, 0, NULL, NULL, 108.905495, 34.159567, NULL, NULL, NULL, NULL, NULL),
	(3541, 3, 26, 0, NULL, NULL, 108.905495, 34.159567, NULL, NULL, NULL, NULL, NULL),
	(3542, 3, 26, 0, NULL, NULL, 108.905495, 34.159567, NULL, NULL, NULL, NULL, NULL),
	(3543, 3, 26, 0, NULL, NULL, 108.905495, 34.159567, NULL, NULL, NULL, NULL, NULL),
	(3544, 3, 26, 0, NULL, NULL, 108.905495, 34.159567, NULL, NULL, NULL, NULL, NULL),
	(3545, 3, 26, 0, NULL, NULL, 108.905495, 34.159567, NULL, NULL, NULL, NULL, NULL),
	(3546, 3, 26, 0, NULL, NULL, 108.905495, 34.159567, NULL, NULL, NULL, NULL, NULL),
	(3547, 3, 26, 0, NULL, NULL, 108.905495, 34.159567, NULL, NULL, NULL, NULL, NULL),
	(3549, 3, 26, 0, NULL, NULL, 108.905495, 34.159567, NULL, NULL, NULL, NULL, NULL);
/*!40000 ALTER TABLE `total` ENABLE KEYS */;


-- 导出  表 zhineng.user 结构
CREATE TABLE IF NOT EXISTS `user` (
  `userid` int(9) NOT NULL AUTO_INCREMENT,
  `username` varchar(10) DEFAULT NULL,
  `usernum` int(9) DEFAULT NULL,
  `userlogTime` varchar(50) DEFAULT NULL,
  `userpower` int(9) unsigned DEFAULT '0',
  `sex` varchar(5) DEFAULT NULL,
  `tel` varchar(30) DEFAULT NULL,
  `photo` varchar(20) DEFAULT NULL,
  `connect` varchar(50) DEFAULT NULL,
  `password` varchar(20) DEFAULT NULL,
  `count` varchar(20) DEFAULT NULL,
  `state` int(3) DEFAULT NULL,
  PRIMARY KEY (`userid`)
) ENGINE=InnoDB AUTO_INCREMENT=5 DEFAULT CHARSET=utf8;

-- 正在导出表  zhineng.user 的数据：~3 rows (大约)
/*!40000 ALTER TABLE `user` DISABLE KEYS */;
INSERT INTO `user` (`userid`, `username`, `usernum`, `userlogTime`, `userpower`, `sex`, `tel`, `photo`, `connect`, `password`, `count`, `state`) VALUES
	(1, 'crystal', 124, '2017年01月15日09时49分46秒', 1, '女', '12345672', NULL, NULL, 'abc', 'abc', 0),
	(2, '123', 123, '2017年01月15日14时12分30秒', 1, '男', '111111111', NULL, NULL, '123', '123', 1),
	(3, 'chris', NULL, '2017年01月13日16时27分47秒', 0, '男', '15309272645', NULL, NULL, 'chris', 'chris', 0),
	(4, '几天想', NULL, '2017年01月15日10时02分05秒', 0, '男', '15309272234', NULL, NULL, '123', '444', 0);
/*!40000 ALTER TABLE `user` ENABLE KEYS */;


-- 导出  表 zhineng.youkem 结构
CREATE TABLE IF NOT EXISTS `youkem` (
  `youkeMid` int(9) NOT NULL AUTO_INCREMENT,
  `youkeMle` int(9) DEFAULT '0',
  `youkeMbr` int(9) DEFAULT '0',
  `youkeMboom` int(9) DEFAULT '0',
  `systemtel` varchar(50) DEFAULT '0',
  PRIMARY KEY (`youkeMid`)
) ENGINE=InnoDB AUTO_INCREMENT=2 DEFAULT CHARSET=utf8;

-- 正在导出表  zhineng.youkem 的数据：~0 rows (大约)
/*!40000 ALTER TABLE `youkem` DISABLE KEYS */;
INSERT INTO `youkem` (`youkeMid`, `youkeMle`, `youkeMbr`, `youkeMboom`, `systemtel`) VALUES
	(1, 430, 600, 10, '15309282645');
/*!40000 ALTER TABLE `youkem` ENABLE KEYS */;
/*!40101 SET SQL_MODE=IFNULL(@OLD_SQL_MODE, '') */;
/*!40014 SET FOREIGN_KEY_CHECKS=IF(@OLD_FOREIGN_KEY_CHECKS IS NULL, 1, @OLD_FOREIGN_KEY_CHECKS) */;
/*!40101 SET CHARACTER_SET_CLIENT=@OLD_CHARACTER_SET_CLIENT */;
